plot_id,date,year,canyon,river_km,surveyors,grnd_soil,grnd_gravel,grnd_rock,grnd_litter,grnd_hcc,grnd_wood,grnd_micro,grnd_water,basal_veg,total_tree_cover,abicon_cov,abicon_hgt,abicon_sc0,abicon_sc1,abicon_sc2,abicon_sc3,acegla_cov,acegla_hgt,acegla_sc0,acegla_sc1,acegla_sc2,acegla_sc3,aceneg_cov,aceneg_hgt,aceneg_sc0,aceneg_sc1,aceneg_sc2,aceneg_sc3,alninc_cov,alninc_hgt,alninc_sc0,alninc_sc1,alninc_sc2,alninc_sc3,alnobl_cov,betocc_cov,betocc_hgt,jundep_cov,jundep_hgt,junmon_cov,junsco_cov,junsco_hgt,junsco_sc0,junsco_sc1,junsco_sc2,junsco_sc3,picpun_cov,picpun_hgt,picpun_sc0,picpun_sc1,picpun_sc2,picpun_sc3,pinfle_cov,pinpon_cov,pinpon_hgt,pinpon_sc0,pinpon_sc1,pinpon_sc2,pinpon_sc3,pinstr_cov,pinstr_hgt,pinstr_sc0,pinstr_sc1,pinstr_sc2,pinstr_sc3,popacu_cov,popang_cov,popang_hgt,popang_sc0,popang_sc1,popang_sc2,popang_sc3,popdel_cov,popdel_hgt,popdel_sc0,popdel_sc1,popdel_sc2,popdel_sc3,poptre_cov,poptre_hgt,poptre_sc0,poptre_sc1,poptre_sc2,poptre_sc3,psemen_cov,psemen_hgt,psemen_sc0,psemen_sc1,psemen_sc2,psemen_sc3,quegam_cov,quegam_hgt,quegam_sc0,quegam_sc1,quegam_sc2,quegam_sc3,salgoo_cov,salgoo_hgt,salgoo_sc0,salgoo_sc1,salgoo_sc2,salgoo_sc3,tamspp_cov,tamspp_hgt,ulmpum_cov,ulmpum_hgt,ulmpum_sc1,total_shrub_cover,amepum_cov,amepum_hgt,brispp_cov,brispp_hgt,brical_cov,brical_hgt,ceafen_cov,ceafen_hgt,cermon_cov,cermon_hgt,clespp_cov,clecol_cov,corser_cov,corser_hgt,crasuc_cov,crasuc_hgt,cylimb_cov,cylimb_hgt,erinau_cov,erinau_hgt,falpar_cov,falpar_hgt,forpub_cov,forpub_hgt,jamame_cov,jamame_hgt,juncom_cov,parvit_cov,phimic_cov,phimic_hgt,pruvir_cov,pruvir_hgt,ptetri_cov,ptetri_hgt,quepau_cov,quepau_hgt,quetur_cov,quetur_hgt,queund_cov,queund_hgt,rhugla_cov,rhugla_hgt,rhutri_cov,rhutri_hgt,ribcer_cov,ribcer_hgt,ribspp_cov,ribspp_hgt,riblep_cov,riblep_hgt,ribmon_cov,ribmon_hgt,robneo_cov,robneo_hgt,roswoo_cov,roswoo_hgt,rubida_cov,rubida_hgt,rubpar_cov,rubpar_hgt,salspp_cov,salspp_hgt,salexi_cov,salexi_hgt,salirr_cov,salirr_hgt,samspp_cov,samspp_hgt,toxryd_cov,toxryd_hgt,vitari_cov,total_dshrub_cover,artfri_cov,artfri_hgt,gutsar_cov,gutsar_hgt,opupha_cov,opupha_hgt,opupol_cov,opupol_hgt,opupol_hys_cov,opupol_hys_hgt,total_gram_cover,achhym_cov,agrspp_cov,agrgig_cov,agrsto_cov,aripur_cov,boucur_cov,boueri_cov,bougra_cov,brospp_cov,brocar_cov,brocil_cov,broine_cov,brolan_cov,bropor_cov,brotec_cov,calcan_cov,carspp_cov,carspp_s_cov,carspp_t_cov,carspp_ws_cov,carspp_wt_cov,carino_cov,carint_cov,carmic_cov,carpel_cov,carpra_cov,carros_cov,carsic_cov,dacglo_cov,danspi_cov,elycan_cov,elyely_cov,elypse_cov,elytra_cov,fesari_cov,fesaru_cov,festra_cov,glystr_cov,grass_13_1_cov,grass_1_cov,grass_2_cov,juncus_spp_cov,junens_cov,koemac_cov,melpor_cov,muhspp_cov,muhmex_cov,muhrac_cov,munsqu_cov,oryasp_cov,passmi_cov,phlalp_cov,pipmic_cov,poaspp_cov,poafen_cov,poapra_cov,schsco_cov,spocon_cov,spocry_cov,vuloct_cov,total_forb_cover,achmil_cov,agrstr_cov,allcer_cov,apocan_cov,apoand_cov,ararac_cov,artcam_cov,artcar_cov,artdra_cov,artlud_cov,bahdis_cov,bidfro_cov,bribra_cov,camrot_cov,cerarv_cov,chafen_cov,chespp_cov,chefre_cov,chepra_cov,cicmac_cov,cirpar_cov,cirund_cov,cirvul_cov,concan_cov,consco_cov,coraur_cov,crycin_cov,dalcan_cov,desspp_cov,despin_cov,diecan_cov,deican_gla_cov,dryfil_cov,epicil_cov,equspp_cov,equarv_cov,equhye_cov,equlae_cov,eridiv_cov,erifor_cov,erispp_cov,eripol_cov,erisub_cov,fern_cov,fraame_cov,fraves_cov,galspp_cov,galapa_cov,gercae_cov,gerric_cov,geuspp_cov,geuale_cov,helann_cov,helmul_cov,helpet_cov,hetvil_cov,hiefen_cov,humlup_cov,hydfen_cov,hymspp_cov,hymric_cov,ipoagg_cov,ipolon_cov,lacser_cov,lapocc_cov,latlan_cov,lotwri_cov,maispp_cov,mairac_cov,maiste_cov,melspp_cov,monfis_cov,oenela_cov,oxavio_cov,percau_cov,penspp_cov,penbar_cov,polsaw_cov,potnor_cov,psespp_cov,psemac_cov,psemon_cov,pteaqu_cov,rudhir_cov,rudlac_cov,smirac_cov,solspp_cov,solame_cov,solspe_cov,sphcoc_cov,taroff_cov,thafen_cov,themeg_cov,themon_cov,thewri_cov,tradub_cov,trapra_cov,typlat_cov,unk_must_cov,urtdio_cov,valedu_cov,vertha_cov,vicame_cov,viocan_cov,xangra_cov
03BD045,2020/08/17 00:00:00,2020,FRIJOLES,17.4,JS_CG,65,5,5,15,5,5,0,0,NA,0.5,0,NA,0,0,0,0,0,NA,0,0,0,0,0,NA,0,0,0,0,0,NA,0,0,0,0,0,0,NA,0,NA,0,0,NA,0,0,0,0,0,NA,0,0,0,0,0,0.01,0.1,0.01,0,0,0,0,NA,0,0,0,0,0,0,NA,0,0,0,0,0,NA,0,0,0,0,0,NA,0,0,0,0,0,NA,0,0,0,0,0,NA,0,0,0,0,0,NA,0,0,0,0,0,NA,0,NA,0,13,0,NA,0,NA,2.5,0.8,0,NA,0,NA,0,0,0,NA,0,NA,0,NA,0,NA,0,NA,0,NA,0,NA,0,0,0,NA,0,NA,0,NA,0,NA,0,NA,0,NA,0,NA,0,NA,0,NA,0,NA,0.05,0.75,0,NA,0.01,1,0.5,2,0.5,0.5,0,NA,0,NA,0,NA,7.5,7,0,NA,0,NA,0,0.5,0,NA,0.05,0.4,0,NA,0,NA,0,NA,3,0,0,0,0,0,0,0,0,0,0,0,0,0,0,0,0,2.5,0,0,0,0,0,0,0,0,0,0,0,0,0,0,0,0,0,0,0,0,0,0,0,0,0,0,0,0,0,0,0,0,0,0,0,0,0,0,0,0,0,0,0,3,0,0,0,0,0,0,0,0,0,0,0,0,0,0,0,0,0,0,0,0,0,0,0,0,0,0,0,0,0,0,0,0,0,0,2.5,0,0,0,0,0,0,0,0,0,0,0,0,0,0,0.05,0,0,0,0,0,0,0,0,0,0,0,0,0,0,0,0,0,0,0,0,0,0,0,0,2.5,0,0,0,0,0,0,0,0,0,0,0,0,0,0,0,0,0,0,0,0,0,0,0,0,0,0,0,0,0,2.5
03BD051,2020/08/12 00:00:00,2020,FRIJOLES,2.6,PS_JS_BL_CG,4,8,40,14,30,4,0,0,NA,8,0,NA,0,0,0,0,0,NA,0,0,0,0,2.5,2,0.05,2.5,0,0,0,NA,0,0,0,0,0,0,NA,0,NA,0,0.01,0.4,0.01,0,0,0,0,NA,0,0,0,0,0,0,NA,0,0,0,0,0,NA,0,0,0,0,0,2.5,2,0,0,2.5,0,0.01,1.1,0,0.01,0,0,0,NA,0,0,0,0,0,NA,0,0,0,0,0.01,0.2,0.01,0,0,0,0,NA,0,0,0,0,0,NA,0,NA,0,27,0,NA,0,NA,2.5,0.5,0,NA,0,NA,0,0,0,NA,0,NA,0,NA,0,NA,0,NA,0.5,1,0,NA,0,2.5,0,NA,0,NA,0,NA,0,NA,0,NA,0,NA,0,NA,2.5,1,0.01,0.2,0.5,1,0,NA,0,NA,0,NA,0,NA,2.5,0.7,0,NA,0,NA,0.5,2,17.5,2.5,0,NA,0,NA,0,0,0,NA,0,NA,0,NA,0,NA,0,NA,20,0,0,0,0,0,0,0,0,0,0,0,0,0,0,17.5,0,0,0,0,0,0,0,0,0,0,0,0,0,0,0,0,0,0,0,0,0,0,0,0,0,0,0,0,0,0,0,0,0,0,0,0,0,0,0,0,2.5,0,0,0,0,13,0,0,0,0,0,0,0,0,0,17.5,0,0,0,0,0,0,0,0,0,0,0,0,0.01,0,0,0,0,0,0,0,0,0,0,0,0,0,0,0,0,0,0,0,0,0,0,0,0,0,0,0,0,0,0,0,0,0,0,0,0,0,0,0,0,0,0,0,0,0,0,0,0,0,0,0,0,0,0,0,0,0,0,0,0,0,0,0,0,0,0,0,0,0,0,0,0,0,0,0,0,0,0,0,0,0,0
03BD052,2020/08/12 00:00:00,2020,FRIJOLES,2.1,PS_CG,1,0,10,83,0,6,0,0,NA,32,0,NA,0,0,0,0,0,NA,0,0,0,0,2.5,6,0,0,2.5,0,0,NA,0,0,0,0,0,0,NA,0,NA,0,0,NA,0,0,0,0,0,NA,0,0,0,0,0,17.5,25,0,0,17.5,2.5,0,NA,0,0,0,0,0,7.5,15,0,0,7.5,0,0,NA,0,0,0,0,0,NA,0,0,0,0,0,NA,0,0,0,0,7.5,8,0,0,7.5,0,0,NA,0,0,0,0,0,NA,0,NA,0,16.5,0,NA,0,NA,0.05,0.3,0,NA,0,NA,0,0,0,NA,0,NA,0,NA,0,NA,0,NA,7.5,2,0,NA,0,0.05,0,NA,2.5,2,2.5,3,0,NA,0,NA,0,NA,0,NA,0,NA,0,NA,0.05,0.5,0,NA,0,NA,2.5,3,0,NA,0,NA,0,NA,0,NA,0,NA,0,NA,0,NA,0.5,0.5,0.05,0,0,NA,0,NA,0,NA,0,NA,0,NA,10,0,0,0,0,0,0,0,0,0,0,0,0,0,0,7.5,0,0,0,0,0,0,0,0,0,0,0,0,0,0,0,0,0,0,0,0,0,0,0,0,2.5,0,0,0,0,0,0,0,0,0,0,0,0,0,0,0,0,0,0,0,0,1,0,0,0,0,0,0,0,0,0,0,0,0,0,0,0,0,0,0,0,0,0,0,0,0,0,0,0,0,0,0,0,0,0,0,0,0,0,0,0,0,0,0,0,0,0,0,0,0,0,0,0,0,0,0,0,0,0,0,0,0,0,0,0,0,0,0,0,0,0,0,0,0,0,0,0,0,0,0,0,0,0,0,0,0,0,0,0,0,0,0,0,0,0,0,0,0,0,0,0,0,0,0,0,0,0
03BD076,2020/08/14 00:00:00,2020,FRIJOLES,14.6,JS_BL,2,2,25,40,6,25,0,0,NA,33,0,NA,0,0,0,0,0.01,NA,0,0.01,0,0,29,11,0.05,29,0,0,0,NA,0,0,0,0,0,0,NA,0,NA,0,0,NA,0,0,0,0,0,NA,0,0,0,0,0,0,NA,0,0,0,0,0,NA,0,0,0,0,0,0,NA,0,0,0,0,0,NA,0,0,0,0,2.5,6,0,2.5,0,0,0,NA,0,0,0,0,0,NA,0,0,0,0,0,NA,0,0,0,0,0,NA,0,NA,0,29,0,NA,0,NA,2.5,0.75,0,NA,0,NA,0,0,0,NA,0,NA,0,NA,0,NA,2.5,2,0,NA,0,NA,0,0,0,NA,2.5,4,0,NA,0,NA,0,NA,0,NA,0,NA,0,NA,0,NA,0,NA,0,NA,0,NA,17.5,1.5,0,NA,7.5,0.75,0,NA,0,NA,0,NA,0,NA,0,NA,7.5,NA,0,0,0,NA,0,NA,0,NA,0,NA,0,NA,5,0,0,0,0,0,0,0,0,0,0,0,0,0,0,0.01,0,2.5,0,0,0,0,0,0,0,0,0,0,0,0,0,0,0,0,0,0,0,0,0,0,0,0,0,0,0,0,0,0,0,0,0,0,0,0,0,0,2.5,0,0,0,0,12,0,0,0,7.5,0,0,0,0,0,0,0,0,0,0,0,0,0,0,0,0,0,0,0.01,0,0,0,0,0,0,0,0,0,0,0,0,0,0,0,0,0,0,0,0,0,0,0,0,0,0,0,0,0,0,0,0,0,0,0,0,0,0,0,0,0,0,0,0,0,0,0,0,0,0,0,2.5,0,0,0,0,0,0,0,0,0,0,0,0,0,0,0,0,0,0,0,0,0,0,0,0,0,0,2.5,0,0,0
03BD082,2020/08/14 00:00:00,2020,FRIJOLES,12.8,PS_CG,60,2,3,8,15,12,2,0,NA,8,0,NA,0,0,0,0,0,NA,0,0,0,0,7.5,6,0,7.5,0,0,0,NA,0,0,0,0,0,0,NA,0,NA,0,0,NA,0,0,0,0,0,NA,0,0,0,0,0,0,NA,0,0,0,0,0,NA,0,0,0,0,0,0,NA,0,0,0,0,0,NA,0,0,0,0,0,NA,0,0,0,0,0,NA,0,0,0,0,2.5,4,0,2.5,0,0,0,NA,0,0,0,0,0,NA,0,NA,0,12,0,NA,0,NA,2.5,0.5,0,NA,0,NA,0,0,0,NA,0,NA,0,NA,0,NA,0,NA,0,NA,0,NA,0,0,0,NA,2.5,5,0,NA,0,NA,0.01,0.4,0,NA,0,NA,0,NA,0,NA,0,NA,0,NA,0,NA,2.5,2,0.5,0.5,2.5,0.5,0,NA,0,NA,0,NA,0,NA,0,NA,0.5,0.4,0,0,0,NA,0,NA,0,NA,0,NA,0,NA,8,0,0,0,0,0,0,0,0,0,0,0,0,0,0,0,0,0,0,0,0,0,0,0,0,0,0,0,0,0,0,0,0,0,0,0,0,0,0,0,0,0,0,0,0,0,0,0,0,0,0,0,0,0,0,0,0,0,0,0,0,7,0,0,0,2.5,0,0,0,0,0,0,0,0,0,0,0,0,0,0,0,0,0,0,0.5,0,0,0,0,0,0,0,0,0,0,0,0,0,0,0,0,0,0,0,0,0,0,0,0,0,0,0,0,0,0,0,0,0,0,0,0,0,0,0,0,0,0,0,0,0,0,2.5,2.5,0,0,0,0,0,0,0,0,0,0,0,0,0,0,0,0,0,0,0,0,0,0,0,0,0,0,0,0,0,0,0,0,0,0
03BD092,2020/08/19 00:00:00,2020,CAPULIN,6.4,PS_MS,25,7,35,5,23,1,1,3,NA,12,0,NA,0,0,0,0,0,NA,0,0,0,0,7.5,7,0,2.5,2.5,0,0,NA,0,0,0,0,0,0,NA,0,NA,0,0,NA,0,0,0,0,0,NA,0,0,0,0,0,0,NA,0,0,0,0,0,NA,0,0,0,0,0,0,NA,0,0,0,0,2.5,2,0.5,2.5,0,0,0,NA,0,0,0,0,0,NA,0,0,0,0,0,NA,0,0,0,0,0.5,1.5,0,0.5,0,0,0.01,1,0,NA,0,15.5,0,NA,0,NA,0.5,0.5,0,NA,0,NA,0,0,0,NA,0,NA,0,NA,0,NA,0,NA,2.5,2,0,NA,0,2.5,0,NA,0.5,1,0,NA,0,NA,0,NA,0,NA,0,NA,0,NA,0,NA,0,NA,0,NA,0,NA,0.5,1,0.5,0.7,0,NA,0,NA,0,NA,2.5,0.65,2.5,1,0,NA,0,NA,0,0,0,NA,0,NA,0,NA,0,NA,0,NA,5,0,0,0,0,0,0,0,0,0,0,0,0,0,0,2.5,0,0,0,0,0,0,0,0,0,0,0,0,0,0,0,0,0,0,0,0,0,0,0,0,0,0,0,0,0,0,0,0,0,0,0,0,0,0,0,0,0,0,0,0,0,18,0,0,0,0,0,0,0,0,2.5,7.5,0,0,0,0,0,0,0,0,0,0,0,0,0,0,0,0,0,0,0,0,0,0,0,0,0,0,0,0,0,0,0,0,0,0,0,0,0,0,0,0,0,0,0,0,0,0,0,0,0,0,0,0,0,0,0,0,0,0,0,0,7.5,0,0,0,0,0,0,0,0,0,0,0,0,0,0,0,0,0,0,0,0,0,0,0,0,0,0,0,0,0,0,2.5,0,0,0
03BD110,2020/08/21 00:00:00,2020,FRIJOLES,18,JS_BL,5,10,5,50,19,10,3,3,NA,38,0,NA,0,0,0,0,0,NA,0,0,0,0,17.5,10,0,17.5,0,0,0,NA,0,0,0,0,0,0,NA,0,NA,0,0,NA,0,0,0,0,2.5,10,0.5,2.5,0,0,0,0.01,1.2,0,0.01,0,0,0.01,3,0,0.01,0,0,0,0,NA,0,0,0,0,0,NA,0,0,0,0,0,NA,0,0,0,0,2.5,1.2,0.01,2.5,0,0,7.5,6,0,2.5,0,0,0,NA,0,0,0,0,0.01,1,0,NA,0,27,0,NA,0,NA,0.05,1,0,NA,0,NA,0,0,0,NA,0,NA,0,NA,0,NA,0,NA,0,NA,0,NA,0,0,0,NA,0.5,1.5,0,NA,0,NA,0,NA,0,NA,0,NA,0,NA,0,NA,0,NA,7.5,1,0,NA,0.5,1.5,2.5,0.8,7.5,0.8,7.5,0.5,0,NA,0,NA,0,NA,0,NA,0,NA,0,0,0,NA,0,NA,0,NA,0,NA,0,NA,10,0,0,0,2.5,0,0,0,0,0,0.01,0,0,0,0,0,0,2.5,0,0,0,0,0,0,0,0,0,0,0,0,0,0,0,0,0,0,0,0,0,0,0,0,0,0,0,0,0,0,0,0,0,0,0,0,0,0,0,0,0,0,0,5,0,0,0,0,0,0,0,0,0,0,0,0,0,0,0,0,0,0,0,0,0,0,0.01,0,0,0,0,0,0,0,0,0,0,0,0,0,0,0,0,0,0,0,0,0,0,0,0,0,0,0,0,0,0,0,0,0,0,0.5,0,0,0,0,0,0,0,0,0,0,0,0,0,0,0,0,0,0,0,0,0,0,0,0,0.01,0,2.5,0,0,0,0,0,0,0,0,0,0,0,0,0,0,0,0,0,0,0,0
03BD114,2020/08/18 00:00:00,2020,CAPULIN,4,PS_MS,30,3,5,50,7,5,0,0,NA,20,0,NA,0,0,0,0,0,NA,0,0,0,0,0,NA,0,0,0,0,0,NA,0,0,0,0,0,0,NA,0,NA,0,0,NA,0,0,0,0,0,NA,0,0,0,0,0,7.5,20,0,0,7.5,0,0,NA,0,0,0,0,0,7.5,3,2.5,17.5,0,0,0,NA,0,0,0,0,0,NA,0,0,0,0,0,NA,0,0,0,0,0.5,3,0,0.5,0,0,0,NA,0,0,0,0,0,NA,0,NA,0,8.5,0,NA,0,NA,0.5,0.4,0,NA,0.5,2.5,0,0,0,NA,0,NA,0,NA,0,NA,7.5,1.5,2.5,1.2,0,NA,0,0,0,NA,0,NA,0,NA,0,NA,0,NA,0,NA,0,NA,0,NA,0,NA,0,NA,0,NA,0,NA,0,NA,0,NA,0,NA,0,NA,0,NA,0,NA,0,NA,0,NA,0,NA,0,0.5,0,NA,0.5,0.3,0,NA,0,NA,0,NA,5,0,0,0,0,0,0,0,0,0,0,0,0,0,0,2.5,0,0,0,0,0,0,0,0,0,0,0,0,0,0,0,0,0,0,0,0,0,0,0,0,0,0,0,0,0,0,0,0,0,0,0,0,0,0,0,0,0,0,0,0,0,2,0,0,0,0,0,0,0,0,0,0,0,0,0,0,0,0,0,0,0,0,0,0,0,0,0,0,0,0,0,0,0,0,0,0,0,0,0,0,0,0,0,0,0,0,0,0,0,0,0,0,0,0,0,0,0,0,0,0,0,0,0,0,0,0,0,0,0,0,0,0,0,0,0,0,0,0,0,0,0,0,0,0,0,0,0,0,0,0,0,0,0,0,0,0,0,0,0,0,0,0,0,0,0,0,0
03BD146,2020/08/20 00:00:00,2020,CAPULIN,11.4,PS_MS,15,3,20,30,17,15,0,0,NA,1,0,NA,0,0,0,0,0,NA,0,0,0,0,0,NA,0,0,0,0,0,NA,0,0,0,0,0,0,NA,0,NA,0,0,NA,0,0,0,0,0,NA,0,0,0,0,0,0,NA,0,0,0,0,0,NA,0,0,0,0,0,0,NA,0,0,0,0,0,NA,0,0,0,0,0,NA,0,0,0,0,0,NA,0,0,0,0,0.5,3,0,0.5,0,0,0,NA,0,0,0,0,0,NA,0.5,2.3,0.5,18.5,0,NA,0,NA,0.05,0.6,17.5,NA,0,NA,0,0,0,NA,0,NA,0,NA,0,NA,0.5,1,0,NA,0,NA,0,0,0,NA,0,NA,0,NA,0,NA,0,NA,0,NA,0.01,0.2,0,NA,0,NA,0.05,2.1,0,NA,0,NA,0,NA,0,NA,0,NA,0,NA,0,NA,0,NA,0,NA,0,NA,0,NA,0,0,0,NA,0,NA,0,NA,0,NA,0,NA,12,0,0,0,0,0,0,0,0,0,0,0,0,0,0,0,0,0,0,0,0,0,7.5,0,0,0,0,0,0,0,0,0,0,0,0,0,0,0,0,0,0,0,0,0,0,0,0,0,0,0,0,0,0,0,0,0,0,0,0,0,0,5,0,0,0,0,0,0,0,0,2.5,2.5,0,0,0,0,0,0,0,0,0,0,0,0,0,0,0,0,0,0,0,0,0,0,0,0,0,0,0,0,0,0,0,0,0,0,0,0,0,0,0,0,0,0,0,0,0,0,0,0,0,0,0,0,0,0,0,0,0,0,0,0,0,0,0,0,0,0,0,0,0,0,0,0,0,0,0,0,0,0,0,0,0,0,0,0,0,0,0,0,0,0,0,2.5,0,0,0
03BD172,2020/08/19 00:00:00,2020,CAPULIN,6.7,PS_MS,10,0.2,5,25,17,43,0,0,NA,9,0,NA,0,0,0,0,0,NA,0,0,0,0,7.5,6,0,7.5,0,0,0,NA,0,0,0,0,0,0,NA,0,NA,0,0,NA,0,0,0,0,0,NA,0,0,0,0,0,0,NA,0,0,0,0,0,NA,0,0,0,0,0,0.05,8,0,0.05,0,0,0,NA,0,0,0,0,0,NA,0,0,0,0,0,NA,0,0,0,0,0,NA,0,0,0,0,0,NA,0,0,0,0,0,NA,0.5,7,0.5,5.5,0,NA,0,NA,0.5,0.5,0,NA,0,NA,0,0,0,NA,0,NA,0,NA,0,NA,0,NA,2.5,1.2,0,NA,0,2.5,0,NA,0,NA,0,NA,0,NA,0,NA,0,NA,0,NA,0,NA,0,NA,0,NA,0,NA,0,NA,0,NA,0,NA,0,NA,0,NA,0,NA,0,NA,0,NA,0,NA,0,NA,0,0,0,NA,0,NA,0,NA,0,NA,0,NA,10,0,0,0,0,0,0,0,0,0,0,0,0,0,0,7.5,0,0,0,0,0,0,0,0,0,0,0,0,0,0,0,0,0,0,0,0,0,0,0,0,0,0,0,0,0,0,0,0,0,0,0,0,0,0,0,0,0,0,0,0,0,7,0,0,0,0,0,0,0,0,0,2.5,0,0,0,0,0,0,0,0,0,0,0,0,0,0,0,0,0,0,0,0,0,0,0,0,0,0,0,0,0,0,0,0,0,0,0,0,0,0,0,0,0,0,0,0,0,0,0,0,0,0,0,0,0,0,0,0,0,0,0,0,0,0,0,0,0,0,0,0,0,0,0,0,0,0,0,0,0,0,0,0,0,0,0,0,0,0,0,0,0,0,0,0,0,0,0
03BD173,2020/08/18 00:00:00,2020,CAPULIN,2.4,PS_MS,55,15,20,2,7,1,0,0,NA,2,0,NA,0,0,0,0,0,NA,0,0,0,0,0,NA,0,0,0,0,0,NA,0,0,0,0,0,0,NA,0,NA,0,0,NA,0,0,0,0,0,NA,0,0,0,0,0,0,NA,0,0,0,0,0,NA,0,0,0,0,0,2.5,1,0.5,2.5,0,0,0,NA,0,0,0,0,0,NA,0,0,0,0,0,NA,0,0,0,0,0,NA,0,0,0,0,0,NA,0,0,0,0,0,NA,0,NA,0,8,0,NA,0,NA,0,NA,0,NA,0,NA,0,0,0,NA,0,NA,0,NA,2.5,1.7,7.5,1.4,0,NA,0,NA,0,0,0,NA,0,NA,0,NA,0,NA,0,NA,0,NA,0,NA,0,NA,0,NA,0,NA,0,NA,0,NA,0,NA,0,NA,0,NA,0,NA,0,NA,0,NA,0,NA,0,NA,0,NA,0,0,0,NA,0,NA,0,NA,0,NA,0,NA,2,0,0,0,0,0,0,0,0,0,0,0,0,0,0,0,0,0,0,0,0,0,0,0,0,0,0,0,0,0,0,0,0,0,0,0,0,0,0,0,0,0,0,0,0,0,0,0,0,0,0,0,0,0,0,0,0,0,0.5,0.5,0,5,0,0,0,0,0,0,0,0,0,0,0,0,0,0,0,0,0,0,0,0,0,0,0,0,0,0,0,0,0,0,0,0,0,0,0,0,0,0,0,0,0,0,0,0,0,0,0,0,0,0,0,0,2.5,0,0,0,0,0,0,0,0,0,0,0,0,0,0,0,0,0,0,0,0,0,0,0,0,0,0,0,0,0,0,0,0,0,0,0,0,0,0,0,0,0,0,0,0,0,0,0,0,0,0,0,2.5
03ER024,2020/08/19 00:00:00,2020,CAPULIN,6.5,PS_MS,34,1,4,15,45,1,0,0,NA,0.5,0,NA,0,0,0,0,0,NA,0,0,0,0,0,NA,0,0,0,0,0,NA,0,0,0,0,0,0,NA,0,NA,0,0,NA,0,0,0,0,0,NA,0,0,0,0,0,0,NA,0,0,0,0,0,NA,0,0,0,0,0,0,NA,0,0,0,0,0,NA,0,0,0,0,0,NA,0,0,0,0,0,NA,0,0,0,0,0.5,1.9,0,0,0,0,0,NA,0,0,0,0,0,NA,0,NA,0,5,0,NA,0,NA,0,NA,0,NA,0.5,1.2,0,0,0,NA,0,NA,0,NA,0,NA,0,NA,2.5,1.8,0,NA,0,0,0,NA,0,NA,0,NA,0,NA,0,NA,0,NA,0,NA,2.5,1.5,0,NA,0,NA,0,NA,0,NA,0,NA,0,NA,0,NA,0,NA,0,NA,0,NA,0,NA,0,NA,0,NA,0,0,0,NA,0,NA,0,NA,0,NA,0,NA,30,0,0,0,0,0,0,0,0,0,0,0,0,0,0,17.5,0,0,0,0,0,0,0,0,0,0,0,0,0,0,0,0,0,0,0,0,0,0,0,0,0,0,0,0,0,0,0,0,0,0,0,0,0,0,0,0,0,0,0,7.5,0,15,0,0,0,0,0,0,0,0,0,0,0,0,0,0,0,0,0,0,0,0,0,0,0,0,0,0,0,0,0,0,0,0,0,0,0,0,0,0,0,0,0,0,0,0,0,0,0,0,0,0,0,0,0,0,0,2.5,0,0,0,0,0,0,0,0,0,0,0,0,0,0,0,0,0,0,0,0,0,0,0,0,0,0,0,0,0,0,0,0,0,0,0,0,0,0,0,0,0,0,2.5,0,0,0,0,0,0
03YC005,2020/08/17 00:00:00,2020,FRIJOLES,17.5,JS_CG,0,0,0,9,84,4,0,3,NA,15,0,NA,0,0,0,0,0,NA,0,0,0,0,0,NA,0,0,0,0,17.5,8,0,17.5,0,0,0,0,NA,0,NA,0,0,NA,0,0,0,0,0,NA,0,0,0,0,0,0,NA,0,0,0,0,0,NA,0,0,0,0,0,0,NA,0,0,0,0,0,NA,0,0,0,0,0,NA,0,0,0,0,0,NA,0,0,0,0,0,NA,0,0,0,0,0,NA,0,0,0,0,0,NA,0,NA,0,8,0,NA,0,NA,0,NA,0,NA,0,NA,0,0,0,NA,0.01,4,0,NA,0,NA,0,NA,0,NA,0,NA,0,0,0,NA,0,NA,0,NA,0,NA,0,NA,0,NA,0,NA,0,NA,0,NA,0,NA,7.5,1,0,NA,0,NA,0.05,1,2.5,0.75,0,NA,0,NA,0,NA,0,NA,0,NA,0,NA,0,0,0,NA,0,NA,0,NA,0,NA,0,NA,37,0,0,41.5,0,0,0,0,0,0,0,0,0,0,0,0,0,0,0,0,0,0,0,2.5,0,0,0,0,0,0,0,0,0,0,0,0,0,0,0,0,0,0,0,0,0,0,0,0,0,0,0,0,0,0,0,0,0,0,0,0,0,57,0,0,0,0,0,0,0,0,0,0,0,0,0,0,0,0,0,0,0,0,0,0,0,0,2.5,0,0,0,0,0,0,0,0,0,0,0,0,0,0,0,0,0,0,0,0,0,0,0,0,0,0,0,0,0,0,0,0,7.5,0,0,0,0,0,0,0,0,0,0,0,0,0,0,0,0,0,0,0,0,0,0,0,0,2.5,0,2.5,0,0,0,0,0,0,0,0,0,0,0,0,41.5,0,2.5,0,0,0,0,0
03YC016,2020/08/18 00:00:00,2020,CAPULIN,3.7,PS_MS,30,20,35,7,7,1,0,0,NA,0.5,0,NA,0,0,0,0,0,NA,0,0,0,0,0,NA,0,0,0,0,0,NA,0,0,0,0,0,0,NA,0,NA,0,0,NA,0,0,0,0,0,NA,0,0,0,0,0,0,NA,0,0,0,0,0,NA,0,0,0,0,0,0.5,2,0,0.5,0,0,0,NA,0,0,0,0,0,NA,0,0,0,0,0,NA,0,0,0,0,0,NA,0,0,0,0,0,NA,0,0,0,0,0,NA,0,NA,0,7.5,0,NA,0,NA,0.5,NA,0,NA,0,NA,0,0,0,NA,0,NA,0,NA,0,NA,2.5,1,2.5,1.5,0,NA,0,0.05,0,NA,0,NA,0,NA,0,NA,0,NA,0,NA,0,NA,0.5,2.5,0,NA,0,NA,0,NA,0,NA,0,NA,0,NA,0,NA,0,NA,0,NA,0,NA,0,NA,0,NA,0,NA,0,0,0,NA,0,NA,0,NA,0,NA,0,NA,4,0,0,0,0,0,0,0,0,0,0,0,0,0,0,2.5,0,0,0,0,0,0,0,0,0,0,0,0,0,0,0,0,0,0,0,0,0,0,0,0,0,0,0,0,0,0,0,0,0,0,0,0,0,0,0,0,0,0,0,0,0,3,0,0,0,0,0,0,0,0,0,0,0,0,0,0,0,0,0,0,0,0,0,0,0,0,0,0,0,0,0,0,0,0,0,0,0,0,0,0,0,0,0,0,0,0,0,0,0,0,0,0,0,0,0,0,0,0,0,0,0,0,0,0,0,0,0,0,0,0,0,0,0,0,0,0,0,0,0,0,0,0,0,0,0,0,0,0,0,0,0,0,0,0,0,0,0,0,0,0,0,0,0,0,0,0,2.5
03YC020,2020/08/20 00:00:00,2020,CAPULIN,10.4,PS_MS,25,25,10,8,22,2,0,8,NA,0.5,0,NA,0,0,0,0,0,NA,0,0,0,0,0.05,3,0,0.05,0,0,0,NA,0,0,0,0,0,0,NA,0,NA,0,0,NA,0,0,0,0,0,NA,0,0,0,0,0,0,NA,0,0,0,0,0,NA,0,0,0,0,0,0.05,1,0.05,0,0,0,0.05,1,0.05,0,0,0,0,NA,0,0,0,0,0,NA,0,0,0,0,0,NA,0,0,0,0,0,NA,0,0,0,0,0.05,2,0,NA,0,5.4,0,NA,0,NA,0.5,0.6,0,NA,0,NA,0,0,0,NA,0,NA,0,NA,0,NA,0.5,0.8,0,NA,0,NA,0,0.5,0,NA,0,NA,0,NA,0,NA,0,NA,0,NA,0,NA,0,NA,0,NA,0,NA,0,NA,0,NA,0.5,2,0.5,1.6,0,NA,0,NA,0,NA,2.5,1.5,0.5,0.7,0,NA,0,NA,0,0.1,0,NA,0.05,0.3,0,NA,0,NA,0,NA,2,0,0,0,0,0,0,0,0,0,0,0,0,0,0,0,0,0,0,0,0,0,0,0,0,0,0,0,0,0,0,0,0,0,0,0,0,0,0,0,0,0,0,0,0,0,0,0,0,0,0,0,0,0,0,0,0,0,0,0,0,20,0,0,0,0,0,0,0,0,0,2.5,0,0,0,0,0,0,0,0,0,0,0,0,0,0,0,0,0,0,0,0,0,0,0,0,0,0,0,0,0,0,0,0,0,0,0,0,0,0,0,0,0,0,0,0,0,0,0,0,0,0,0,0,0,0,0,0,0,0,0,0,17.5,0,0,0,0,0,0,0,0,2.5,0,0,0,0,0,0,0,0,0,0,0,0,0,0,0,0,0,0,0,0,0,2.5,0,0,0
06JC203,2020/08/11 00:00:00,2020,FRIJOLES,3,PS_JS_BL_CG,1,4,2,28,50,15,0,0,NA,45,0,NA,0,0,0,0,0,NA,0,0,0,0,29,5,0.05,29,0.05,0,0,NA,0,0,0,0,0,0,NA,0,NA,0,0,NA,0,0,0,0,0,NA,0,0,0,0,0,17.5,14,0.01,0,2.5,17.5,0,NA,0,0,0,0,0,2.5,5,0.05,2.5,0,0,0,NA,0,0,0,0,0,NA,0,0,0,0,0,NA,0,0,0,0,0,NA,0,0,0,0,0,NA,0,0,0,0,0,NA,0,NA,0,25,0,NA,0,NA,0,NA,0,NA,0,NA,0,0,0,NA,0,NA,0,NA,0,NA,0,NA,17.5,1.5,0,NA,0,17.5,0,NA,0,NA,0,NA,0,NA,0,NA,0,NA,0,NA,0,NA,0,NA,0,NA,0,NA,0,NA,0,NA,0,NA,0,NA,0,NA,0,NA,0,NA,0,NA,0,NA,0,NA,0,0,0,NA,0,NA,0,NA,0,NA,0,NA,60,0,0,0,2.5,0,0,0,0,0,0,0,0,0,0,62.5,0,0,0,0,0,0,0,0,0,0,0,0,0,0,0,0,0,0,0,0,0,0,0,0,0,0,0,0,0,0,0,0,0,0,0,0,0,0,0,0,7.5,0,0,0,0,2,0,0,0,0,0,0,0,0,0,0,0,0,0,0,0,0,0,0,0,0,0,0,0,0,0,0,0,0,0,0,0,0,0,0,0,0,0,0,0,0,0,0,0,0,0,0,0,0,0,0,0,0,0,0,0,0,0,0,0,0,0,0,0,0,0,0,0,0,0,0,0,0,0,0,0,0,0,0,0,0,0,0,0,0,0,0,0,0,0,0,0,0,0,0,0,0,0,0,0,0,0,0,0,0,0
06JC204,2020/08/12 00:00:00,2020,FRIJOLES,3.2,PS_JS_BL_CG,2,4,2,40,38,6,0,0,NA,20,0,NA,0,0,0,0,0,NA,0,0,0,0,7.5,2,2.5,7.5,0,0,0,NA,0,0,0,0,0,0,NA,0,NA,0,0.01,NA,0,0,0,0,0,NA,0,0,0,0,0,17.5,20,0.01,0,7.5,7.5,0,NA,0,0,0,0,0,2.5,1,2.5,2.5,0,0,0,NA,0,0,0,0,0,NA,0,0,0,0,0,NA,0,0,0,0,0,NA,0,0,0,0,0,NA,0,0,0,0,0,NA,0,NA,0,30,0,NA,0,NA,0,NA,0,NA,0,NA,0,0,0,NA,0,NA,0,NA,0,NA,0,NA,17.5,1.5,0,NA,0,0.5,0,NA,0.01,0.3,0,NA,0,NA,0,NA,0,NA,0,NA,0,NA,0,NA,0,NA,0,NA,0,NA,2.5,1,0.5,1,0.01,0.75,0,NA,0,NA,0,NA,0.5,0.2,0,NA,0,NA,0,0,0,NA,0.01,0.3,0,NA,0,NA,0,NA,35,0,0,2.5,0,0,0,0,0,0,0,0,2.5,0,0,17.5,0,0,0,0,0,0,0,0,0,0,0,0,0,0,0,0,0,0,0,0,2.5,0,0,0,0,0,0,0,0,0,0,0,0,0,0,0,0,0,0,0,2.5,0,0,0,0,5,0,0,0,0,0,0,0,0,0,2.5,0,2.5,0,0,0,0,0,0,0,0,0,0,0.01,0,0,0,0,0,0,0,0,0,0,0,0,0,0,0,0,0,0,0,0,0,0,0,0,0,0,0,0,0,0,0,0,0,0,0,0,0,0,0,0,0,0,0,0,0,0,0,0,0,0,0,0,0,0,0,0,0,0,0,0,0,2.5,0,0,0,0,0,0,0,0,0,0,0,0,0,0,0,0,0,0,0,0
06JC518,2020/08/21 00:00:00,2020,FRIJOLES,4.7,PS_CG,20,5,2,55,11,7,0,0,NA,80,0,NA,0,0,0,0,0,NA,0,0,0,0,41.5,7,0.5,7.5,41.5,0,0.5,2.7,0,0.5,0,0,0,0,NA,0,NA,0,0.01,0.1,0.01,0,0,0,0,NA,0,0,0,0,0,0.5,0.4,0.5,0,0,0,0,NA,0,0,0,0,0,41.5,2,2.5,17.5,0,29,0,NA,0,0,0,0,0,NA,0,0,0,0,0,NA,0,0,0,0,0,NA,0,0,0,0,0,NA,0,0,0,0,0,NA,0,NA,0,0.1,0,NA,0,NA,0.01,0.5,0,NA,0,NA,0,0,0,NA,0,NA,0,NA,0,NA,0,NA,0.01,0.2,0,NA,0,0,0,NA,0,NA,0,NA,0,NA,0,NA,0,NA,0,NA,0,NA,0,NA,0,NA,0,NA,0,NA,0,NA,0,NA,0,NA,0,NA,0,NA,0,NA,0,NA,0,NA,0,NA,0,0,0,NA,0,NA,0,NA,0,NA,0,NA,4,0,0,0,0,0,0,0,0,0,0,0,0,0,0,0,0,0,0,0,0,0,0,0,0,0,0,0,0,0,0,0,0,0,0,0,0,0,0,0,0,0,0,0,0,0,0,0,0,0,0,0,0,0,0,0,0,0,0,0,0,7,0,0,0,0,0,0,0,0,0,0,0,0,0,0,0,0,0,0,0,0,0,0,0,0,0,0,0,0,0,0,0,0,0,0,0,0,0,0,0,0,0,0,0,0,0,0,0,0,0,0,0,0,0,0,0,0,0,0,0,0,0,0,0,0,0,0,0,0,0,0,2.5,0,0,0,0,0,0,0,0,0,0,0,0,0,0,0,0,0,0,0,0,0,0,0,0,0,0,0,0,0,0,0,0,0,0
06JC520,2020/08/21 00:00:00,2020,FRIJOLES,5.1,PS_CG,10,0.01,0,85,3,2,0,0,NA,60,0,NA,0,0,0,0,0,NA,0,0,0,0,2.5,4,0,2.5,0,0,0,NA,0,0,0,0,0,0,NA,0,NA,0,0,NA,0,0,0,0,0,NA,0,0,0,0,0,41.5,25,0,0,29,29,0,NA,0,0,0,0,0,2.5,2.5,0,2.5,0,0.05,0,NA,0,0,0,0,0,NA,0,0,0,0,0,NA,0,0,0,0,2.5,9,0,2.5,0,0,0,NA,0,0,0,0,0,NA,0,NA,0,30,0,NA,0,NA,0,NA,0,NA,0,NA,0,0,0,NA,0,NA,0,NA,0,NA,0,NA,29,2,0,NA,0,2.5,0,NA,0,NA,0.5,2,0,NA,0,NA,0,NA,0,NA,0,NA,0,NA,0,NA,0,NA,0,NA,0,NA,0,NA,0,NA,0,NA,0,NA,0,NA,0,NA,0,NA,0,NA,0,0,0,NA,0,NA,0,NA,0,NA,0,NA,2,0,0,0,0,0,0,0,0,0,0,0,0,0,0,0,0,0,0,0,0,0,0,0,0,0,0,0,0,0,0,0,0,0,0,0,0,0,0,0,0,0,0,0,0,0,0,0,0,0,0,0,0,0,0,0,0,0,0,0,0,7,0,0,0,0,0,0,0,0,0,0,0,0,0,0,0,0,0,0,0,0,0,0,0,0,0,0,0,0,0,0,0,0,0,0,0,0,0,0,0,0,0,0,0,0,0,0,0,0,0,0,0,0,0,0,0,0,0,0,0,0,0,0,0,0,0,0,0,0,0,0,0,0,0,0,0,0,0,0,0,0,0,0,0,0,0,0,0,0,0,0,0,0,0,0,0,0,0,0,0,0,0,0,0,0,0
06JC523,2020/08/21 00:00:00,2020,FRIJOLES,5.9,MS_KB,5,0,0.5,89,0.5,5,0,0,NA,55,0,NA,0,0,0,0,0,NA,0,0,0,0,2.5,5,0,2.5,0,0,0,NA,0,0,0,0,0,0,NA,0,NA,0,0.05,0.1,0.05,0,0,0,0,NA,0,0,0,0,0,29,25,0.05,0,2.5,7.5,0,NA,0,0,0,0,0,0,NA,0,0,0,0,0,NA,0,0,0,0,0,NA,0,0,0,0,0.01,0.1,0.01,0,0,0,17.5,3,0.01,7.5,2.5,0,0,NA,0,0,0,0,0,NA,0,NA,0,11,0,NA,0,NA,0.5,1,0,NA,0,NA,0,0,0,NA,0,NA,0,NA,0,NA,0,NA,2.5,2.5,0,NA,0,0,0,NA,0.05,0.4,0.5,2.5,0,NA,0,NA,0,NA,0,NA,0,NA,0,NA,0,NA,0,NA,0,NA,0.5,0.5,0.5,0.5,0,NA,0,NA,0,NA,0,NA,0,NA,0,NA,0,2,0.2,0,0,NA,0,NA,0,NA,0,NA,0,NA,2,0,0,0,0,0,0,0,0,0,0,0,0,0,0,2.5,0,0,0,0,0,0,0,0,0,0,0,0,0,0,0,0,0,0,0,0,0,0,0,0,0,0,0,0,0,0,0,0,0,0,0,0,0,0,0,0,0,0,0,0,0,0.5,0,0,0,0,0,0,0,0,0,0,0,0,0,0,0,0,0,0,0,0,0,0,0,0,0,0,0,0,0,0,0,0,0,0,0,0,0,0,0,0,0,0,0,0,0,0,0,0,0,0,0,0,0,0,0,0,0,0,0,0,0,0,0,0,0,0,0,0,0,0,0,0,0,0,0,0,0,0,0,0,0,0,0,0,0,0,0,0,0,0,0,0,0,0,0,0,0,0,0,0,0,0,0,0,0
06JC524,2020/08/21 00:00:00,2020,FRIJOLES,6.2,MS_KB,5,0,0,50,5,40,0,0,NA,30,0,NA,0,0,0,0,0,NA,0,0,0,0,17.5,5,0,0,17.5,0,0,NA,0,0,0,0,0,0,NA,0,NA,0,0.5,7,0.01,0,0,0,0,NA,0,0,0,0,0,29,25,0,0,2.5,29,0,NA,0,0,0,0,0,2.5,2.5,0.5,0.5,0,0,0,NA,0,0,0,0,0,NA,0,0,0,0,0,NA,0,0,0,0,0.5,5,0,0.5,0.01,0,0,NA,0,0,0,0,0,NA,0,NA,0,25,0,NA,0,NA,0,NA,0,NA,0,NA,0,0,0,NA,0,NA,0,NA,0,NA,0,NA,2.5,2,0,NA,0,2.5,0,NA,17.5,3,2.5,2.5,0,NA,0,NA,0,NA,0,NA,0,NA,0,NA,0,NA,0,NA,0,NA,0,NA,0.5,1.5,0,NA,0,NA,0,NA,0,NA,0,NA,0,NA,0,NA,0,0,0,NA,0,NA,0,NA,0,NA,0,NA,5,0,0,0,0,0,0,0,0,0,0,0,0,0,0,2.5,0,0,0,0,0,0,0,0,0,0,0,0,0,0,0,0,0,0,0,0,0,0,0,0,0,0,0,0,0,0,0,0,0,0,0,0,0,2.5,0,0,0,0,0,0,0,NA,0,0,0,0,0,0,0,0,0,0,0,0,0,0,0,0,0,0,0,0,0,0,0,0,0,0,0,0,0,0,0,0,0,0,0,0,0,0,0,0,0,0,0,0,0,0,0,0,0,0,0,0,0,0,0,0,0,0,0,0,0,0,0,0,0,0,0,0,0,0,0,0,0,0,0,0,0,0,0,0,0,0,0,0,0,0,0,0,0,0,0,0,0,0,0,0,0,0,0,0,0,0,0,0,0
06JC527,2020/08/13 00:00:00,2020,FRIJOLES,7.4,PS_CG,13,3,2,35,35,5,2,5,NA,10,0,NA,0,0,0,0,0,NA,0,0,0,0,7.5,3,0.5,0,0,0,0,NA,0,0,0,0,0,0,NA,0,NA,0,0,NA,0,0,0,0,0.01,0.2,0.01,0,0,0,0,0,NA,0,0,0,0,0,NA,0,0,0,0,0,0,NA,0,0,0,0,0.05,0.5,0.05,0,0,0,0,NA,0,0,0,0,2.5,23,0.01,0,0,2.5,0.5,1.5,0,0.5,0,0,0.5,2,0,0,0.05,0,0,NA,0,NA,0,31,0,NA,0,NA,2.5,0.7,0,NA,0,NA,0,0,0,NA,0,NA,0,NA,0,NA,0,NA,0.5,1,0,NA,0,2.5,0,NA,0,NA,0,NA,0,NA,0,NA,0,NA,0,NA,0,NA,0.05,1,0,NA,0,NA,0,NA,2.5,1.5,0,NA,2.5,1,0,NA,0,NA,7.5,2.5,17.5,2.5,0,NA,2.5,0.5,0,0,0,NA,0,NA,0,NA,0,NA,0,NA,15,0,0,0,0,0,0,0,0,0,0,0,0,0,0,0,0,0,0,0,0,0,0,0,0,0,0,0,0,0,0,0,0,0,0,0,0,0,0,0,0,0,2.5,0,0,0,0,0,2.5,0,0,0,0,0,0,0,0,0,0,0,0,25,0,0,0,0,0,0,0,0,0,2.5,0,0,0,0,0,0,0,0,0,0,0,0,0.01,0,0,0,0,0,0,0,0,0,0,0,0,2.5,0,7.5,0,0,0,0,0,0,0,0,0,0,0,0,0,0,0,0,0,0,0,0,0,0,0,0,0,0,0,0,0,0,0,0,7.5,0,0,0,0,0,0,0,0,0,0,0,0,0,0,0,0,0,0,0,0,0,0,0,0,0,0,0,0,0,0,0,0,0,0
06JC529,2020/08/14 00:00:00,2020,FRIJOLES,13.4,PS_CG,15,5,4,30,35,4,0.01,7,NA,6,0,NA,0,0,0,0,2.5,5,0,0,0,0,7.5,7,7.5,7.5,0,0,0,NA,0,0,0,0,0,0,NA,0,NA,0,0,NA,0,0,0,0,0,NA,0,0,0,0,0,0,NA,0,0,0,0,0,NA,0,0,0,0,0,0,NA,0,0,0,0,0.5,1.5,0.05,0.5,0,0,0,NA,0,0,0,0,0,NA,0,0,0,0,2.5,3,0,2.5,0,0,0.05,3,0,0.05,0,0,0,NA,0,NA,0,20,0,NA,0,NA,0,NA,0,NA,0,NA,0,0,0,NA,0,NA,0,NA,0,NA,0,NA,0,NA,0,NA,0,0.01,0,NA,2.5,7,0,NA,0,NA,0,NA,0,NA,0,NA,0,NA,0,NA,0,NA,0,NA,0,NA,2.5,2.5,2.5,0.5,2.5,0.5,0,NA,0,NA,7.5,2.5,7.5,3,0,NA,0,NA,0,0,0,NA,0,NA,0,NA,0,NA,0,NA,15,0,0,0,0,0,0,0,0,0,0,0,0,0,0,0,0,0,0,0,0,0,0,0,0,0,0,0,0,0,0,0,0,0,0,0,0,0,0,0,0,0,0,2.5,0,0,0,0,0,0,0,0,0,0,0,0,0,0,0,0,0,20,0,0,0,0,0,0,0,0,0,0,0,0,0,0,0,0,0,0,0,0,0,0,0.5,0,0,0,0,0,0,0,0,0,0,0,0,0,0,0,0,0,0,0,0,0,0,0,0,0,0,0,0,0,0,2.5,0,0,0,0,0,0,0,0,0,0,0,0,0,0,0,0,17.5,0,2.5,0,0,0,0,0,0,0,0,0,0,0,0,0,0,0,0,0,0,0,0,0,0,0,0,0,0,2.5,0,0,0,0,0
06JC532,2020/08/14 00:00:00,2020,FRIJOLES,14,PS_CG,20,12,3,25,30,5,0,5,NA,0.5,0,NA,0,0,0,0,0,NA,0,0,0,0,0,NA,0,0,0,0,0,NA,0,0,0,0,0,0,NA,0,NA,0,0,NA,0,0,0,0,0,NA,0,0,0,0,0,0,NA,0,0,0,0,0,NA,0,0,0,0,0,0,NA,0,0,0,0,0.01,0.7,0.01,0,0,0,0,NA,0,0,0,0,0,NA,0,0,0,0,0,NA,0,0,0,0,0.05,3,0,0.05,0,0,0,NA,0,NA,0,32.5,0,NA,0,NA,7.5,0.5,0,NA,0,NA,0.01,0,0,NA,0,NA,0,NA,0,NA,0,NA,0,NA,0,NA,0,0,0,NA,0.05,4,0,NA,0,NA,0.01,0.3,0,NA,0,NA,0,NA,0,NA,0,NA,0,NA,0,NA,7.5,3,0,NA,7.5,0.5,0,NA,0,NA,7.5,2.5,2.5,3.5,0,NA,0,NA,0,0,0,NA,0,NA,0,NA,0,NA,0,NA,15,0,0,0,0,0,2.5,0,0,0,0,0,0,0,0,2.5,0,0,0,0,0,0,0,0,0,0,0,0,0,0,0,0,0,0,0,0,0,0,0,0,0,0,0,2.5,0,0,0,0,0,0,0,0,0,0,0,0,0,0,0,0,0,15,0,0,0,0,0,0,0,0,0,0,0,0,0,0,0,0,0,0,0,0,0,0,0.01,0,0,0,0,0,0,0,0,0,0,0,0,0,0,0,0,0,0,0,0,0,0,0,0,0,0,0,0,0,0,0,0,0,0,0,0,0,0,0,0,0,0,0,0,0,0,0,7.5,0,0,0,0,0,0,0,0,0,0,0,0,0,0,0,0,0,0,0,0,0,0,0,0,0,0,0,0,2.5,0,2.5,0,0,0
07BJ001,2020/08/13 00:00:00,2020,FRIJOLES,6.7,PS_CG,10,4,4,30,45,3,1,3,NA,12,0,NA,0,0,0,0,0,NA,0,0,0,0,2.5,1.5,0.5,2.5,0,0,0,NA,0,0,0,0,0,0,NA,0,NA,0,0,NA,0,0,0,0,0,NA,0,0,0,0,0,0,NA,0,0,0,0,0,NA,0,0,0,0,0,2.5,2.5,0.5,2.5,0,0,2.5,2,0.5,2.5,0,0,0,NA,0,0,0,0,0,NA,0,0,0,0,0.5,3,0,0.5,0,0,0.5,2.5,0.05,0.05,0,0,0,NA,0,NA,0,21,0,NA,0,NA,0.01,0.5,0,NA,0.01,0.4,0,0,0,NA,0,NA,0,NA,0,NA,0,NA,0.05,1.5,0,NA,0,0,0,NA,0.05,1,0.05,2,0,NA,0,NA,0.01,0.2,0,NA,0,NA,0.05,1,0,NA,0,NA,0,NA,2.5,1,0.5,1,0.5,0.5,0,NA,0,NA,2.5,2.5,7.5,3,0,NA,0,NA,0,0,0,NA,0,NA,0,NA,0,NA,0,NA,16,0,0,0,2.5,0,0,0,0,0,0,0,0,0,0,2.5,0,0,0,0,0,0,0,0,0,0,0,0,0,0,0,0,0,0,0,0,0,0,0,0,0,0,0,0,0,0,0,0,0,0,0,0,0,0,0,0,2.5,0,0,0,0,29,0,0,0,0,0,0,0,0,0,0,0,0,0,0,0,0,0,0,0,0,0,0,0.01,0,0,0,0,0,0,0,0,0,0,0,0,0,0,0,0,0,0,0,0,0,0,0,0,0,0,0,0,0,0,0,0,0,0,0,0,0,0,0,0,0,0,0,0,0,0,0,17.5,0,0,0,0,0,0,0,0,0,0,0,0,0,0,0,0,0,0,0,0,0,0,0,0,0,0,2.5,0,0,0,0,0,0,0
07BJ002,2020/08/31 00:00:00,2020,FRIJOLES,9.3,JS_GJ,35,20,22,4,14,4,0,1,NA,15,0,NA,0,0,0,0,0,NA,0,0,0,0,17.5,9,0.5,17.5,0,0,0,NA,0,0,0,0,0,0,NA,0,NA,0,0,NA,0,0,0,0,0,NA,0,0,0,0,0,0,NA,0,0,0,0,0,NA,0,0,0,0,0,0,NA,0,0,0,0,0,NA,0,0,0,0,0,NA,0,0,0,0,0,NA,0,0,0,0,0,NA,0,0,0,0,0,NA,0,0,0,0,0.01,2,0,NA,0,8,0,NA,0,NA,0.01,0.5,0,NA,0,NA,0,0,0,NA,0,NA,0,NA,0,NA,0,NA,0,NA,0.01,2,0,2.5,0,NA,2.5,4,0,NA,0,NA,0,NA,0,NA,0,NA,0,NA,0,NA,0,NA,0.5,1.5,0,NA,0,NA,0,NA,2.5,1,0,NA,0,NA,0.5,3,2.5,3.5,0,NA,0,NA,0,0,0,NA,0,NA,0,NA,0,NA,0,NA,2,0,2.5,0,0,0,0,0,0,0,0,0,0,0,0,2.5,0,0,0,0,0,0,0,0,0,0,0,0,0,0,0,0,0,0,0,0,0,0,0,0,0,0,0,0,0,0,0,0,0,0,0,0,0,0,0,0,0,0,0,0,0,12,0,0,0,0,0.01,0,0,0,0,2.5,0,0,0,0,0,0,0,0,0,0,0,0,0,0,0,0,0,0,0,0,0,0,0,0,2.5,0,0,0,0,0,0,0,0,0,0,0,0,0,0,0,0,0,0,2.5,0,0,0,0,0,0,0,0,0,0,0,0,0,0,0,0,7.5,0,0,0,2.5,0,0,0,0,0,0,0,0,0,0,0,0,0,0,0,0,0,0,0,0,0,0,0,0,2.5,0,2.5,0,0,0
07BJ003,2020/08/31 00:00:00,2020,FRIJOLES,8.9,JS_GJ,20,10,4,48,10,4,0,5,NA,55,0,NA,0,0,0,0,0,NA,0,0,0,0,62.5,18,2.5,17.5,41.5,0,0,NA,0,0,0,0,0,0,NA,0,NA,0,0,NA,0,0,0,0,0,NA,0,0,0,0,0,0,NA,0,0,0,0,17.5,18,0,0,17.5,0,0,0,NA,0,0,0,0,0.01,0.8,0.01,0,0,0,0,NA,0,0,0,0,0,NA,0,0,0,0,0,NA,0,0,0,0,2.5,3,0,2.5,0,0,0,NA,0,NA,0,66,0,NA,0,NA,0.01,0.5,0,NA,0,NA,2.5,0,0,NA,0,NA,0,NA,0,NA,0,NA,2.5,3,0.01,1,0,2.5,0,NA,62.5,2,0,NA,0,NA,0,NA,0,NA,0,NA,0,NA,0,NA,0,NA,0,NA,0.5,1,0,NA,17.5,1,0,NA,0,NA,0,NA,0.5,3,7.5,4,0,NA,0,NA,0,0,0,NA,0,NA,0,NA,0,NA,0,NA,8,0,2.5,0,0,0,0,0,0,0,0,0,0,0,0,0,0,0,0,0,0,0,0,0,0,0,0,0,0,0,0,0,0,0,0,0,0,0,0,0,0,0,0,0,0,0,0,0,0,0,0,0,0,0,0,0,2.5,0,0,0,0,4,0,0,0,0,0,0,0,0,0,0,0,0,0,0,0,0,0,0,0,0,0,0,0.01,0,0,0,0,0,0,0,0,0,0,0,2.5,0,0,0,0,0,0,0,0,0,0,0,0,0,0,0,0,0,0,0,0,0,0,0,0,0,0,0,0,0,0,0,0,0,0,0,0,0,0,0,0,0,0,0,0,0,0,0,0,0,0,0,0,0,0,0,0,0,0,0,0,0,0,0,0,0,0,0,0,0,0
07BJ004,2020/08/13 00:00:00,2020,FRIJOLES,7.9,PS_KB,8,3,25,20,35,2,0,7,NA,12,2.5,15,0.01,0,2.5,0,0,NA,0,0,0,0,3.5,1,2.5,2.5,0,0,0,NA,0,0,0,0,0,0,NA,0,NA,0,0.01,0.2,0.01,0,0,0,0,NA,0,0,0,0,0,0.01,0.2,0.01,0,0,0,0,NA,0,0,0,0,0,0,NA,0,0,0,0,0.5,1,0.5,0,0,0,0,NA,0,0,0,0,2.5,30,0.01,0,0,2.5,0.05,0.5,0.05,0,0,0,0.5,2,0,0.5,0,0,0,NA,0.05,2,0.05,30,0,NA,0,NA,7.5,0.8,0,NA,0.5,1.5,0.01,0,0,NA,0,NA,0,NA,0,NA,0,NA,0.05,1.5,0,NA,0,2.5,0.01,1,0,NA,0,NA,0,NA,0,NA,0,NA,0,NA,0.01,0.1,0.01,0.7,0,NA,0,NA,0,NA,0,NA,0,NA,0.5,0.5,0,NA,0,NA,0.5,2.5,17.5,2.5,0,NA,0.5,0.2,0,0,0,NA,0,NA,0,NA,0,NA,0,NA,30,0,0,0,0,0,0,0,0,0,0,0,0,0,0,2.5,0,0,0,0,0,0,0,0,0,0,0,0,0,0,0,0,0,0,0,0,0,0,0,0,2.5,2.5,0,0,0,0,0,0,0,0,0,0,0,0,0,0,0,0,0,0,0,10,0,0,0,0,0,0,0,0,0,2.5,0,0,0,0,0,0,0,0,0,0,0,0,0.05,0,0,0,0,0,0,0,0,0,0,0,0,0,0,0,0,0,0,0,0,0,0.05,0,0,0,0,0,0,0,0,0,0,0,0,0,0,0,0,0,0,0,0,0,0,0,0,0,2.5,0,0,0,0,0,0,0,0,0,0,0,0,0,0,0,0,0,0,0,0,0,0,0,0,0,0,0,0,0,0,0,0,0,0
07BJ005,2020/08/13 00:00:00,2020,FRIJOLES,7.8,JS_BL,15,15,5,45,14,5,0,1,NA,40,7.5,30,0.01,0,0,7.5,0,NA,0,0,0,0,41.5,20,2.5,2.5,29,0,0,NA,0,0,0,0,0,0,NA,0,NA,0,0,NA,0,0,0,0,0,NA,0,0,0,0,0,0,NA,0,0,0,0,0,NA,0,0,0,0,0,0,NA,0,0,0,0,0.01,1.5,0,0.01,0,0,0,NA,0,0,0,0,0,NA,0,0,0,0,0.5,3,0,0.5,0,0,0,NA,0,0,0,0,0,NA,0,NA,0,25,0,NA,0,NA,7.5,0.75,0,NA,0.01,0.5,0,0,0,NA,0,NA,0,NA,0,NA,0,NA,2.5,2,0,NA,0,17.5,0,NA,0,NA,0,NA,0,NA,0,NA,0,NA,0,NA,0,NA,0,NA,0.5,1.6,0,NA,0,NA,0,NA,0,NA,7.5,1,0,NA,0,NA,0,NA,0.01,0.75,0,NA,0,NA,0,0,0,NA,0,NA,0,NA,0,NA,0,NA,10,0,0,0,0,0,0,0,0,0,0,0,0.01,0,0,2.5,0,2.5,0,0,0,0,0,0,0,0,0,0,0,0,0,0,0,0,0,0,0,0,0,0,2.5,0,0,0,0,0,0,0,0,0,0,0,0,0,0,0,2.5,0,0,0,0,6,0,0,0,0,0,0,0,0,0,2.5,0,0,0,0,0,0,0,0,0,0,0,0,0.01,0,0,0,0,0,0,0,0,0,0,0,0,0,2.5,0,0,0,0,0,0,0,0,0,0,0,0,0,0,0,0,0,0,0,0,0,0,0,0,0,0,0,0,0,0,0,0,0,2.5,0,0,0,0,0,0,0,0,0,0,0,0,0,0,0,0,0,0,0,0,0,0,0,0,0,0,0,0,0,0,2.5,0,0.5,0
07BJ006,2020/08/13 00:00:00,2020,FRIJOLES,7.6,KB_BL,6,40,15,4,30,3,0,2,NA,0.5,0,NA,0,0,0,0,0,NA,0,0,0,0,0.5,2,0.01,0.05,0,0,0,NA,0,0,0,0,0,0,NA,0,NA,0,0,NA,0,0,0,0,0,NA,0,0,0,0,0,0.01,0.8,0.01,0,0,0,0,NA,0,0,0,0,0,0,NA,0,0,0,0,0.01,0.5,0.01,0,0,0,0,NA,0,0,0,0,0,NA,0,0,0,0,0.01,1.7,0,0.01,0,0,0.01,2,0,0.01,0,0,0,NA,0,NA,0,40,0,NA,0,NA,0.01,0.5,0,NA,0.01,1,0,0,0,NA,0,NA,0,NA,0,NA,0,NA,0.01,0.5,0,NA,0,2.5,0,NA,0,NA,0,NA,0,NA,0,NA,0,NA,0,NA,0,NA,0,NA,0.05,1.6,0,NA,0,NA,0,NA,0.5,0.4,17.5,1.3,2.5,2.5,0,NA,2.5,1.5,7.5,3,0,NA,0,NA,0,0,0,NA,0,NA,0,NA,0,NA,0,NA,8,0,0,0,0,0,0,0,0,0,0,0,0,0,0,2.5,0,0,0,0,0,0,0,0,0,0,0,0,0,0,0,0,0,0,0,0,0,0,0,0,0,0,0,0,0,0,0,0,0,0,0,0,0,0,0,0,0,0,0,0,0,25,0,0,0,0,0,0,0,0,0,2.5,0,0,0,0,0,0,0,0,0,0,0,0,0.01,0,0,0,0,0,0,0,0,0,0,0,0,0,2.5,0,0,0,0,0,0,0,0,0,0,0,0,0,0,0,0,0,0,0,0,0,0,0,0,0,0,0,0,0,0,0,0,0,17.5,0,0,0,0.5,0,0,0,0,0,0,0,0,0,0,0,0,0,0,0,0,0,0,0,0,0,0,0,0,0,0,2.5,0,0,0
07BJ007,2020/08/13 00:00:00,2020,FRIJOLES,7.2,KB_BL,8,20,12,4,54,1,0,1,NA,2,0,NA,0,0,0,0,0,NA,0,0,0,0,0.01,NA,0,0.01,0,0,0,NA,0,0,0,0,0,0,NA,0,NA,0,0,NA,0,0,0,0,0,NA,0,0,0,0,0,0.01,0.3,0.01,0,0,0,0,NA,0,0,0,0,0,0.01,NA,0,0.01,0,0,2.5,1.7,0.01,2.5,0,0,0,NA,0,0,0,0,0,NA,0,0,0,0,0,NA,0,0,0,0,0.01,3,0,0.01,0,0,0.5,2,0,NA,0,20,0,NA,0,NA,0,NA,0,NA,0.5,1.5,0,0,0,NA,0,NA,0,NA,0,NA,0.05,0.6,2.5,5,0,NA,0,0,0,NA,7.5,5,0,NA,0,NA,0,NA,0,NA,0,NA,0,NA,0.01,1,0,NA,0,NA,0,NA,0,NA,0,NA,2.5,0.75,0,NA,0,NA,2.5,3,2.5,4,0,NA,0,NA,0.5,0,0,NA,0,NA,0,NA,0,NA,0,NA,2,0,0,0,0,0,0,0,0,0,0,0,0,0,0,0,0,0,0,0,0,0,0,0,0,0,0,0,0,0,0,0,0,0,0,0,0,0,0,0,0,0,0,0,0,0,0,0,0,0,0,0,0,0,0,0,0,0,0,0,0,55,0,0,0,0,0,0,0,0,0,2.5,0,0,0,0,0,0,0,0,0,0,0,0,0.01,0,0,0,0,0,0,0,0,0,0,0,0,0,2.5,0,0,0,0,0,0,0,0,0,0,0,0,0,0,0,0,0,0,0,0,0,0,0,0,0,0,0,0,0,2.5,0,0,0,41.5,0,0,0,0,0,0,0,0,0,0,0,0,0,0,0,0,0,0,0,0,0,0,0,0,0,0,0,0,0,0,0,0,0,0
08CJ101,2020/08/21 00:00:00,2020,FRIJOLES,17.9,JS_BL,4,3,5,54,18,12,0,4,NA,32,7.5,18,0,0,7.5,0,0,NA,0,0,0,0,7.5,9,0,2.5,7.5,0,0,NA,0,0,0,0,0,0,NA,0,NA,0,0,NA,0,0,0,0,7.5,9,0.05,2.5,0,0,0,0.01,0.2,0.01,0,2.5,0,0.01,0.2,0.01,0,0,0,0,0,NA,0,0,0,0,0,NA,0,0,0,0,7.5,9,0.05,7.5,0,0,0,NA,0,0,0,0,2.5,NA,0,2.5,0,0,0,NA,0,0,0,0,0,NA,0,NA,0,50,0,NA,0,NA,0.5,0.8,0,NA,0,NA,0,0,0,NA,0,NA,0,NA,0,NA,0,NA,0,NA,0,NA,0,0,0,NA,2.5,5,0,NA,0,NA,0,NA,0,NA,0,NA,0,NA,0,NA,0,NA,17.5,1,0,NA,0.01,1.5,17.5,0.8,17.5,0.5,0,NA,0,NA,0,NA,0,NA,0,NA,0,NA,0,0,0,NA,0,NA,0,NA,0,NA,0,NA,13,0,0,0,2.5,0,0,0,0,0,0,0,0,0,0,0,0,7.5,0,0,0,0,0,0,0,0,0,0,0,0,0,0,0,0,0,0,0,0,0,0,0,0,0,0,0,0,0,0,0,0,0,0,0,0,0,0,7.5,0,0,0,0,7.5,0,0,0,0,0.5,0,0,0,0,0,0,0,0,0,0,0,0,0,0,0,0,0,0.5,0,0,0,0,0,0,0,0,0,0,0,0,0,0,0,0,0,0,0,0,0,0,0,0,0,0,0,0,0,0,0,0,0,0,0,0,0,0,0,0,0,0,0,0,0,0,0,0,0,0,0,0,0,0,0,0,0,0,0,0,0,2.5,0,0,0,0,0,0,0,0,0,0,0,0,0,0,2.5,0,0,0,0,0
08CJ102,2020/08/17 00:00:00,2020,FRIJOLES,17.8,JS_BL,3,5,4,55,25,18,0,0,NA,55,0,NA,0,0,0,0,0.01,1,0,0.01,0,0,41.5,10,0.5,17.5,17.5,0,0,NA,0,0,0,0,0,0,NA,0,NA,0,0,NA,0,0,0,0,0.01,NA,0.01,0,0,0,0,7.5,35,0.5,0,0,7.5,0,NA,0,0,0,0,0,0,NA,0,0,0,0,0,NA,0,0,0,0,2.5,0.8,0.5,2.5,0,0,0.5,20,0,0,0.5,0,2.5,NA,0,2.5,0,0,0,NA,0,0,0,0,0,NA,0,NA,0,25,0,NA,0,NA,2.5,1,0,NA,0,NA,0,0,0,NA,0,NA,0,NA,0,NA,0,NA,0,NA,0,NA,0,0,0,NA,2.5,2,0,NA,0,NA,0,NA,0,NA,0,NA,0,NA,0,NA,0,NA,2.5,1,0,NA,0.5,0.75,17.5,0.9,17.5,0.5,0,NA,0,NA,0,NA,0,NA,0,NA,0,NA,0,0,0,NA,0,NA,0,NA,0,NA,0,NA,13,0,0,0,0,0,0,0,0,0,7.5,0,0,0,0,0,0,2.5,0,0,0,0,0,0,0,0,0,0,0,0,0,0,0,0,0,0,0,0,0,0,0,0,0,0,0,0,0,0,0,0,0,0,0,0,0,0,0,0,0,0,0,15,0,0,0,0,0,0,0,0,0,0,0,0,0,0,0,0,0,0,0,0,0,0,0.01,0,0,0,0,0,0,0,0,0,0,0,0,0,0,0,0,0,0,0,0,0,0,0,0,0,0,0,0,0,0,0,0,0,0,0,0,0,0,0,0,0,0,0,0,0,0,0,0,0,0,0,0.01,0,0,0,0,0,0,0,0,0,7.5,0,0,0,0,0,0,0,0,0,0,0,0,0,0,0,0,0,0,0,0
08CJ103,2020/08/17 00:00:00,2020,FRIJOLES,17.6,JS_CG,2,0,4,5,82,7,0,0,NA,25,17.5,25,0,0,0,17.5,0,NA,0,0,0,0,0.01,0.7,0.01,0,0,0,0.01,6,0,0.01,0,0,0,0,NA,0,NA,0,0,NA,0,0,0,0,0,NA,0,0,0,0,0,0,NA,0,0,0,0,0,NA,0,0,0,0,0,0.05,1,0.01,0.01,0,0,0,NA,0,0,0,0,0,NA,0,0.05,0,0,7.5,20,0,0,7.5,0,7.5,2.5,0.05,7.5,0,0,0,NA,0,0,0,0,0,NA,0,NA,0,50,0,NA,0,NA,0,NA,0,NA,0,NA,0,0,0,NA,0,NA,0,NA,0,NA,0,NA,0,NA,0,NA,0,0,0,NA,0,NA,0,NA,0,NA,0,NA,0,NA,0,NA,0,NA,0,NA,0,NA,17.5,1.5,0,NA,0,NA,17.5,1.75,7.5,0.5,0,NA,0,NA,0,NA,0,NA,0,NA,0,NA,0,0,0,NA,0,NA,0,NA,0,NA,0,NA,60,0,0,0,2.5,0,0,0,0,0,0,0,17.5,0,0,0,0,17.5,0,0,0,0,0,0,0,0,0,0,0,0,0,0,0,0,0,0,0,0,0,0,0,0,0,0,0,0,0,0,0,0,0,0,0,0,0,0,7.5,0,0,0,0,40,0,0,0,0,0,0,0,0,0,0,0,0,0,0,0,0,0,0,0,0,0,0,0.01,0,0,0,0,0,0,0,0,0,0,0,0,2.5,0,0,0,0,0.01,0,0,0,0,0,0,0,0,0,0,0,0,0,0,0,0,0,0,0,0,0,0,0,0,0,0,0,0,0,0,0,0,0,0,0,0,0,0,0,0,0,17.5,0,17.5,0,0,0,0,0,0,0,0,0,0,0,0,0,0,2.5,0,0,0,0,0
08CJ104,2020/08/21 00:00:00,2020,FRIJOLES,16.8,JS_BL,5,20,10,22,19,14,0,10,NA,12,0,NA,0,0,0,0,0,NA,0,0,0,0,2.5,4,0.01,2.5,0,0,0,NA,0,0,0,0,0,0,NA,0,NA,0,0,NA,0,0,0,0,0,NA,0,0,0,0,0,0,NA,0,0,0,0,0,NA,0,0,0,0,0,0,NA,0,0,0,0,0,NA,0,0,0,0,0.05,10,0,0.05,0,0,0,NA,0,0,0,0,7.5,5,0.5,7.5,0,0,0,NA,0,0,0,0,0,NA,0,NA,0,33,0,NA,0,NA,2.5,0.6,0,NA,0,NA,0,0,0,NA,0,NA,0,NA,0,NA,0,NA,0,NA,0.01,0.5,0,0,0,NA,0.5,1.5,0,NA,0,NA,0,NA,0,NA,0,NA,0,NA,0,NA,0,NA,0.5,0.7,0,NA,17.5,3,7.5,1,2.5,0.5,2.5,0.3,0,NA,0,NA,0,NA,0.01,1,0,NA,0,0,0,NA,0,NA,0,NA,0,NA,0,NA,15,0,0,0,0,0,0,0,0,0,0.05,0,0,0,0,0,0,7.5,0,0,0,0,0,0,0,0,0,0,0,0,0,0,0,0,0,0,0,0,0,0,0,0,0,0,0,0,0,0,0,0,0,0,0,0,0,0,2.5,0,0,0,0,10,0,0,0,0,7.5,0,0,0,0,0,0,0,0,0,0,0,0,0,0,0,0,0,0.01,0,0,0,0,0,0,0,0,0,0,0,0,0,2.5,0,0,0,0,0,0,0,0,0,0,0,0,0,0,0,0,0,0,0,0,0,0,0,0,0,0,0,0,0,0,0,0,0,0,0,0,0,0,0,0,0,0,0,0,0,0,0,0,0,0,0,0,0,0,2.5,0,0,0,0,0,0,0,0,0,2.5,0,0,0
08CJ105,2020/08/14 00:00:00,2020,FRIJOLES,14.9,JS_BL,50,1,19,7,6,7,0,0,NA,2,0,NA,0,0,0,0,0,NA,0,0,0,0,2.5,8,0.01,2.5,0,0,0.01,6,0,0.01,0,0,0,0,NA,0,NA,0,0,NA,0,0,0,0,0,NA,0,0,0,0,0,0,NA,0,0,0,0,0,NA,0,0,0,0,0,0,NA,0,0,0,0,0.01,NA,0.01,0,0,0,0,NA,0,0,0,0,0,NA,0,0,0,0,0,NA,0,0,0,0,0,NA,0,0,0,0,0,NA,0,NA,0,10,0,NA,0,NA,7.5,1,0,NA,0,NA,0,0,0,NA,0,NA,0,NA,0,NA,0,NA,0,NA,0,NA,0,0,0,NA,0.5,6,0,NA,0,NA,0,NA,0,NA,0,NA,0,NA,0,NA,0,NA,0,NA,0,NA,0.01,0.4,0,NA,2.5,0.5,0,NA,0,NA,0,NA,0,NA,0,NA,0,NA,0,0,0,NA,0,NA,0,NA,0,NA,0,NA,4,0,0,0,0,0,0,0,0,0,0,0,0,0,0,0,0,0.05,0,0,0,0,0,0,0,0,0,0,0,0,0,0,0,0,0,0,0,0,0,0,0,0,0,0,0,0,0,0,0,0,0,0,0,0,0,0,0,0,0,0,0,9.5,0,0,0,7.5,0,0,0,0,0,0,0,0,0,0,0,0,0,0,0,0,0,0,0,0,0,0,0,0,0,0,0,0,0,0,0,0,0,0,0,0,0,0,0,0,0,0,0,0,0,0,0,0,0,0,0,0,0,0,0,0,0,0,0,0,0,0,0,0,0,0,0,0,0,0,0.05,0,0,0,0,0,0,0,0,0,0,0,0,0,0,0,0,0,0,0,0,0,0,0,0,0,0,0,0,0,0
08CJ106,2020/08/14 00:00:00,2020,FRIJOLES,14.1,JS_BL,7,3,25,35,25,5,0,1,NA,2,0,NA,0,0,0,0,0,NA,0,0,0,0,0,NA,0,0,0,0,0,NA,0,0,0,0,0,0,NA,0,NA,0,0,NA,0,0,0,0,0,NA,0,0,0,0,0,0,NA,0,0,0,0,0,NA,0,0,0,0,0,0,NA,0,0,0,0,0.01,NA,0.01,0,0,0,0,NA,0,0,0,0,0,NA,0,0,0,0,2.5,2,0,2.5,0,0,0,NA,0,0,0,0,0,NA,0,NA,0,9,0.01,0.2,0,NA,2.5,0.75,0.05,0.3,0,NA,0,0,0,NA,0,NA,0,NA,0,NA,0,NA,0,NA,0,NA,0,0,0,NA,0,NA,0,NA,0,NA,0,NA,0,NA,0,NA,0,NA,0,NA,0,NA,0,NA,0,NA,7.5,3,0.5,1.5,0.05,0.3,0,NA,0,NA,0.05,2,2.5,4,0,NA,0,NA,0,0,0,NA,0,NA,0,NA,0,NA,0,NA,4,0,0,0,0,0,0,0,0,0,0,0,0,0,0,0,0,2.5,0,0,0,0,0,0,0,0,0,0,0,0,0,0,0,0,0,0,0,0,0,0,0,0,0,0,0,0,0,0,0,0,0,0,0,0,0,0,0,0,0,0,0,22,0,0,0,2.5,0,0,0,0,0,0,0,0,0,0,0,0,0,0,0,0,0,0,0.5,0,0,0,0,0,0,0,0,0,0,0,0,0,7.5,0,0,0,0,0,0,0,0,0,0,0,0,0,0,0,0,0,0,0,0,0,0,0.01,0,0,0,0,0,0,0,0,0,0,17.5,0,0,0,0,0,0,0,0,0,0,0,0,0,0,0,0,0,0,0,0,0,0,0,0,0,0,0,0,0,0,0,0,0,0
08CJ145,2020/08/14 00:00:00,2020,FRIJOLES,10.4,JS_BL,7,5,5,60,8,10,0,5,NA,15,0,NA,0,0,0,0,0,NA,0,0,0,0,0.5,2,0,0.5,0,0,0,NA,0,0,0,0,0,0,NA,0,NA,0,0,NA,0,0,0,0,0,NA,0,0,0,0,0,7.5,30,0.01,0,0,7.5,0,NA,0,0,0,0,0,0,NA,0,0,0,0,0.01,1,0,0.01,0,0,0,NA,0,0,0,0,0,NA,0,0,0,0,7.5,3,0,7.5,0,0,0.05,5,0,0.05,0,0,0,NA,0,NA,0,19.5,0,NA,0,NA,0,NA,0,NA,0,NA,0.5,0,0,NA,0,NA,0,NA,0,NA,0,NA,0,NA,0.01,1,0,0.05,0,NA,0.05,1.5,0,NA,0,NA,0,NA,0,NA,0,NA,0,NA,0.5,1.1,0,NA,0,NA,0,NA,0.01,1.5,0,NA,2.5,0.75,0,NA,0,NA,7.5,4,17.5,4,0,NA,2.5,NA,0,0,0,NA,0,NA,0,NA,0,NA,0,NA,6,0,0,0,0,0,0,0,0,0,0,0,0,0,0,2.5,0,0,0,0,0,0,0,0,0,0,0,0,0,0,0,0,0,0,0,0,0,0,0,0,0,2.5,0,0,0,0,0,0,0,0,0,0,0,0,0,0,0,0,0,0,0,3.5,0,0,0,0,0,0,0,0,0,0,0,0,0,0,0,0,0,0,0,0,0,0,0,2.5,0,0,0,0,0,0,0,0,0,0,0,0,0,0,0,0,0,0,0,0,0,0,0,0,0,0,0,0,0,0,0,0,0,0,0,0,0,0,0,0,0,0,0,0,0,0,2.5,0,0,0,0.5,0,0,0,0,0,0,0,0,0,0,0,0,0,0,0,0,0,0,0,0,0,0,0,0,2.5,0,0,0,0,0
08SS085,2020/08/12 00:00:00,2020,FRIJOLES,1.9,PS_JS_BL_CG,2,0,9,65,22,2,0,0,NA,36,0,NA,0,0,0,0,0,NA,0,0,0,0,0,NA,0,0,0,0,0,NA,0,0,0,0,0,0,NA,0,NA,0,0,NA,0,0,0,0,0,NA,0,0,0,0,0,41.5,23,0,0,17.5,29,0,NA,0,0,0,0,0,0,NA,0,0,0,0,0,NA,0,0,0,0,0,NA,0,0,0,0,0,NA,0,0,0,0,2.5,2,0,2.5,0,0,0,NA,0,0,0,0,0,NA,0,NA,0,5,0,NA,0,NA,0.5,0.5,0,NA,0,NA,0,0,0,NA,0,NA,0,NA,0,NA,0,NA,2.5,1.5,0,NA,0,0.5,0,NA,0,NA,0,NA,0,NA,0,NA,0,NA,0,NA,0,NA,0,NA,0,NA,0,NA,0,NA,0,NA,0,NA,0,NA,0,NA,0,NA,0,NA,0,NA,0,NA,0,NA,0,0.5,0,NA,0.5,0.3,0,NA,0,NA,0,NA,16,0,0,0,0,0,0,0,0,0,0,0,0,0,0,7.5,0,0,0,0,0,0,0,0,0,0,0,0,0,0,0,0,0,0,0,0,0,0,0,0,0,0,0,0,0,0,0,0,0,0,0,0,0,0,0,2.5,0,0,0,0,0,7,0,0,0,0,0,0,0,0,0,2.5,0,0,0,0,0,0,0,0,0,0,0,0,0,0,0,0,0,0,0,0,0,0,0,0,0,0,0,0,0,0,0,0,0,0,0,0,0,0,0,0,0,0,0,0,0,2.5,0,0,0,0,0,0,0,0,0,0,0,0,0,0,0,0,0,0,0,0,0,0,0,0,0,0,0,0,0,0,0,0,0,0,0,0,0,0,0,0,0,0,0,0,0,0,0,0,0
08SS086,2020/08/12 00:00:00,2020,FRIJOLES,2,JS_BL,9,5,9,9,50,18,0,0,NA,20,0,NA,0,0,0,0,0,NA,0,0,0,0,7.5,6,0.05,7.5,0,0,0,NA,0,0,0,0,0,0,NA,0,NA,0,0,NA,0,0,0,0,0,NA,0,0,0,0,0,7.5,20,0.01,0,7.5,2.5,0,NA,0,0,0,0,0,7.5,4,0.01,7.5,0,0,0.05,NA,0.01,0,0,0,0,NA,0,0,0,0,0,NA,0,0,0,0,2.5,5,0.01,2.5,0,0,0,NA,0,0,0,0,0,NA,0,NA,0,25,0,NA,0,NA,0.01,1.75,0,NA,0,NA,0,0,0,NA,0,NA,0,NA,0,NA,0,NA,7.5,1.5,0,NA,0,0.05,0,NA,0,NA,7.5,3,0,NA,0,NA,0,NA,0,NA,0,NA,0,NA,0,NA,0,NA,0,NA,0,NA,0,NA,0,NA,0,NA,0,NA,7.5,2,2.5,2,0,NA,0.05,NA,0,0,0,NA,0,NA,0,NA,0,NA,0,NA,45,0,0,0,0,0,0,0,0,0,0,0,0,0,0,41.5,0,0,0,0,0,0,0,0,0,0,0,0,0,0,0,0,0,0,0,0,0,0,0,0,0,0,0,0,0,0,0,0,0,0,0,0,0,0,0,0,2.5,0,0,0,0,3,0,0,0,0,0,0,0,0,0,0,0,0.01,0,0,0,0,0,0,0,0,0,0,0,0,0,0,0,0,0,0,0,0,0,0,0,0,0,0,0,0,0,0,0,0,0,0,0,0,0,0,0,0,0,0,0,0,0,0,0,0,0,0,0,0,0,0,0,0,0,0,2.5,0,0,0,0,0,0,0,0,0,0,0,0,0,0,0,0,0,0,0,0,0,0,0,0,0,0,0,0,0,0,0,0,0,0
08SS094,2020/08/13 00:00:00,2020,FRIJOLES,8.1,JS_BL,7,2,15,45,6,15,0,0,NA,48,17.5,30,0,0,0,17.5,0,NA,0,0,0,0,29,8,2.5,29,0,0,0,NA,0,0,0,0,0,0,NA,0,NA,0,0,NA,0,0,0,0,0,NA,0,0,0,0,0,0,NA,0,0,0,0,0,NA,0,0,0,0,0,0,NA,0,0,0,0,0,NA,0,0,0,0,0,NA,0,0,0,0,2.5,35,0,0,0,3,17.5,4,2.5,17.5,0,0,0,NA,0,0,0,0,0,NA,0,NA,0,30,0,NA,0,NA,2.5,1,0,NA,0,NA,0,0,0,NA,0,NA,0,NA,0,NA,0,NA,2.5,1.5,0,NA,0,2.5,0,NA,17.5,6,0.05,1,0,NA,0,NA,0,NA,0,NA,0,NA,2.5,1,0,NA,0,NA,0,NA,0,NA,0,NA,2.5,1,0,NA,0,NA,0,NA,0,NA,0,NA,7.5,NA,0,0,0,NA,0,NA,0,NA,0,NA,0,NA,5,0,0,0,0,0,0,0,0,0,0,0,0,0,0,0,0,0,0,0,0,0,0,0,0,0,0,0,0,0,0,0,0,0,0,0,0,0,0,7.5,0,0,0,0,0,0,0,0,0,0,0,0,0,0,0,0,0,0,0,0,0,2,0,0,0,0,0,0,0,0,0,0,0,0,0,0,0,0,0,0,0,0,0,0,0,0,0,0,0,0,0,0,0,0,0,0,0,0,0,0,0,0,0,0,0,0,0,0,0,0,0,0,0,0,0,0,0,0,0,0,0,0,0,0,0,0,0,0,0,0,0,0,0,0,0,0,0,0,0,0,0,0,0,0,0,0,0,2.5,0,0,0,0,0,2.5,0,0,0,0,0,0,0,2.5,0,0,0,0,0
03BD045,2003/08/05 00:00:00,2003,FRIJOLES,17.4,BD,9,0.5,0,30,NA,0.5,0,NA,60,0,0,NA,0,0,0,0,0,NA,0,0,0,0,0,NA,0,0,0,0,0,NA,0,0,0,0,0,0,NA,0,NA,0,0,NA,0,0,0,0,0,NA,0,0,0,0,0,0,NA,0,0,0,0,0,NA,0,0,0,0,0,0,NA,0,0,0,0,0,NA,0,0,0,0,0,NA,0,0,0,0,0,NA,0,0,0,0,0,NA,0,0,0,0,0,NA,0,0,0,0,0,NA,0,NA,0,15,0,NA,0,NA,0,NA,0,NA,0,NA,0,0,0,NA,0,NA,0,NA,0,NA,0,NA,0,NA,0,NA,0,0,0,NA,0,NA,0,NA,0,NA,0,NA,0,NA,0,NA,0,NA,0,NA,0,NA,17.5,1,0,NA,0,NA,0.5,0.5,2.5,0.5,0,NA,0,NA,0,NA,0.001,5,0,NA,0,NA,0,0,0,NA,0,NA,0,NA,0,NA,0,NA,80,0,0,0,0,0,0,0,0,0,0,0,0,0,0,0,41.5,0,0,0,0,0,0,0,2.5,0,0,0,0,0,0,0,0,0,0,0,0,0,0,0,0,0,0,0,0,0,0,0.5,0,0,0,0,0,0,0,0,29,0,0,0,0,10,0,0.5,0,0,0,0,0,0,0,0,0,0,0,0,0,0,0,0,0,0,0.5,0,0,0,0,0,0,0,0,0,0,0,0,0,0,0.5,0.5,0,0,0,0,0,0,0,0,0,0,0,0,0.5,0,0.05,0,0,0,0,0,2.5,0,0,0,0,0,0,0,0,0,0,0,0,0,0,0,0,0,0,0,0,0.5,0,0,0,0,0,7.5,0,0,0,0,0,0,0,0,0,0,0.05,0,0,0,2.5,0,0,0,0,0
03BD051,2003/08/13 00:00:00,2003,FRIJOLES,2.6,BD,0.5,0.5,10,76.9,NA,4,0.1,NA,6,80,0,NA,0,0,0,0,0,NA,0,0,0,0,67.5,NA,17.5,0,50,0,8,NA,0,0,8,0,0,0,NA,0,NA,0,0,NA,0,0,0,0,0,NA,0,0,0,0,0,5.5,NA,0.5,0,5,0,0,NA,0,0,0,0,0,35.5,NA,0.5,0,35,0,0,NA,0,0,0,0,0,NA,0,0,0,0,0,NA,0,0,0,0,0,NA,0,0,0,0,0,NA,0,0,0,0,0,NA,0,NA,0,50,0,NA,0,NA,0,NA,0,NA,0,NA,0.05,0,0,NA,0,NA,0,NA,0,NA,0,NA,41.5,NA,0,NA,0,0.5,0,NA,2.5,NA,0,NA,0,NA,0,NA,0,NA,0,NA,0,NA,0,NA,0.5,NA,0,NA,0,NA,0,NA,0.5,NA,0,NA,0,NA,0,NA,0,NA,0,NA,0,NA,0,NA,0,0.5,0,NA,0,NA,0,NA,0,NA,0,NA,5,0,0,0,2.5,0,0,0,0,0,0,0,0,0,0,0,0,0,0,0,0,0,0,0,0,0,0.5,0,0,0,0,0,0,0,0,0,2.5,0,0,0,0,0,0,0,0,0,0,0,0,0,0,0,0.05,0,0,0,0.5,0,0,0,0,1,0,0,0,0,0,0,0,0,0,0,0,0,0,0,0,0,0,0,0,0,0,0,0,0,0,0,0,0,0,0,0,0,0,0,0,0.5,0.5,0,0,0,0,0,0,0,0,0,0,0,0,0,0,0,0,0,0,0,0,0,0,0,0,0,0,0,0,0,0,0,0,0,0,0,0,0,0,0,0,0,0,0,0,0,0,0,0,0,0,0,0,0,0,0.5,0,0,0,0,0,0,0,0,0,0,0,0,0
03BD052,2003/08/13 00:00:00,2003,FRIJOLES,2.1,BD,0,0,10,73.5,NA,15,0,NA,1.5,45,0,NA,0,0,0,0,0,NA,0,0,0,0,7.5,NA,0,7.5,0,0,0,NA,0,0,0,0,0,0,NA,0,NA,0,0,NA,0,0,0,0,0,NA,0,0,0,0,0,37.5,NA,0,7.5,30,0,0,NA,0,0,0,0,0,15.5,NA,0.5,0,15,0,0,NA,0,0,0,0,0,NA,0,0,0,0,5,NA,0,0,5,0,7.5,NA,0,2.5,5,0,0,NA,0,0,0,0,0,NA,0,NA,0,55,0,NA,0,NA,0,NA,0,NA,0,NA,0,0,0,NA,0,NA,0,NA,0,NA,0,NA,29,NA,0,NA,0,0.5,0,NA,2.5,NA,2.5,NA,0,NA,0,NA,0,NA,0,NA,0,NA,0,NA,0.5,NA,0,NA,0,NA,2.5,NA,2.5,NA,0,NA,0.05,NA,0,NA,0,NA,0,NA,0,NA,0.05,NA,0,0.5,0.05,NA,0,NA,0,NA,0,NA,0,NA,1,0,0,0,0,0,0,0,0,0,0,0,0,0,0,0,0,0,0,0.5,0,0,0,0,0,0,0,0,0,0,0,0,0,0,0,0,0.05,0,0,0,0,0,0,0,0,0,0,0.05,0,0,0,0,0,0.5,0,0.05,0,0.05,0,0,0,0.5,0,0,0,0,0,0,0,0,0,0.05,0,0,0,0,0,0,0,0,0,0,0,0,0,0,0,0,0,0,0,0,0,0,0,0,0,0,0,0,0,0,0,0,0,0,0,0,0,0,0,0,0,0,0,0,0,0,0,0,0,0,0,0,0,0.05,0,0,0,0,0,0,0,0,0,0,0,0,0,0,0,0,0,0,0,0,0,0,0,0,0,0,0,0.05,0,0,0,0,0,0,0,0,0,0,0.5,0,0
03BD076,2003/08/05 00:00:00,2003,FRIJOLES,14.6,BD,0.5,0.1,3,56.4,NA,6,1,NA,35,70,37,20,0,0.5,36.5,0,0,NA,0,0,0,0,31.5,8,0,2.5,29,0,0,NA,0,0,0,0,0,0,NA,0,NA,0,0,NA,0,0,0,0,0,NA,0,0,0,0,0,17.5,30,0,0,17.5,0,0,NA,0,0,0,0,0,0,NA,0,0,0,0,0,NA,0,0,0,0,5,2,0,2.5,2.5,0,18,20,0,0.5,17.5,0,0.5,0,0,0.5,0,0,0,NA,0,0,0,0,0,NA,0,NA,0,10,0,NA,0,NA,0,NA,0,NA,0,NA,0,0,0,NA,0,NA,0,NA,0,NA,0,NA,0,NA,0,NA,0,0,0,NA,0,NA,0,NA,0,NA,0,NA,0,NA,0,NA,0,NA,0,NA,0,NA,0,NA,0,NA,0,NA,0,NA,0,NA,0,NA,0,NA,0,NA,0,NA,0,NA,7.5,NA,0,0,0,NA,0,NA,0,NA,0,NA,0,NA,25,0,0,0,0,0,0,0,0,0,0,0,0,0,0,0,0,0,0,0,0,0,0,0,0,0,0,7.5,0,0,17.5,0,0,0,0,0,0,0,0,0,0,0,0,0,0,0,0,0,0,0,17.5,0,0,0,0,0,0,0,0,0,0,20,0,0,0,0.5,0,0,0,0,0,0,0,0,0,0,0,0,0,0,0,0,0,0,0,0,0,0,0,0,0,0,0,0,0,0,0,0,0,0,0,0,0,0,0,0,0,0,0,0,0,0,0,0,0,0,0,0,0,0,0,0,0,0,0,0,0,0,0,0,0.5,0,0,0,0,0,0,0,0,0,0,0,0,0,0,0,0,0,0,0,0,0,0,17.5,0,0,0,0,0,0,0,0,0,0,0,0,0
03BD082,2003/08/07 00:00:00,2003,FRIJOLES,12.8,BD,0.5,0.1,2,78.4,NA,1,3,NA,15,90,10,15,0,2.5,7.5,0,0,NA,0,0,0,0,17.5,12,0,0,17.5,0,0,NA,0,0,0,0,0,0.5,3,0,NA,0,0,NA,0,0,0,0,0,NA,0,0,0,0,0,17.55,35,0,0.05,17.5,0,0,NA,0,0,0,0,0,0,NA,0,0,0,0,0,NA,0,0,0,0,0,NA,0,0,0,0,31.5,20,0,2.5,29,0,46.5,8,0,2.5,44,0,0,NA,0,0,0,0,0,NA,0,NA,0,10,0,NA,0,NA,0,NA,0,NA,0,NA,0,0,0,NA,0,NA,0,NA,0,NA,0,NA,0,NA,0.05,2,0,0,0,NA,2.5,1.5,0,NA,0,NA,0,NA,0,NA,0,NA,0,NA,0,NA,0,NA,0,NA,0,NA,0,NA,0.05,0.5,0,NA,0,NA,0,NA,0,NA,0,NA,0,NA,2.5,0.4,0,0,0,NA,0,NA,0,NA,0,NA,0,NA,10,0,0,0,0,0,0,0,0,0,0,0,0.5,0,0,0,0,0,0,0,0,0,2.5,0,0,0,0,0,0,0,2.5,0,0,0,0.5,0,0,0.5,0,0,0,0,0,0,0,0,0,0,0,0,2.5,0,0,0,0,0,2.5,0,0,0,0,7,0,0,0,0.5,0,0,0,0,0,0,0,0,0,0.01,0,0,0,0,0,0,0,0,0,0,0,0,0,0,0,0,0,0,0,0,0,0,0,0,0,0,0,0,0,0,0,0,0,0.05,0,0,0,0,0,0,0,0,0,0,0,0,0,0,0,0,0,0.5,0,0,7.5,0,0,0,0,0,0,0,0,0,0,0,0,0.05,0,0,0,0,0,0,0,0,0,0.5,0,0.05,0,0,0.01,0,0,0,0,0,0,0.5,0
03BD092,2003/08/16 00:00:00,2003,CAPULIN,6.4,BD,3,0.1,0.1,41.8,NA,5,0,NA,50,65,0,NA,0,0,0,0,0,NA,0,0,0,0,29,NA,0,0,29,0,0,NA,0,0,0,0,29,17.5,NA,0.01,NA,0,0,NA,0,0,0,0,0,NA,0,0,0,0,0,0,NA,0,0,0,0,0,NA,0,0,0,0,0,0,NA,0,0,0,0,0,NA,0,0,0,0,0,NA,0,0,0,0,0,NA,0,0,0,0,0,NA,0,0,0,0,0,NA,0,0,0,0,0,NA,0,NA,0,20,0,NA,0,NA,0,NA,0,NA,0,NA,0,0,0,NA,0,NA,0,NA,0.01,NA,0,NA,2.5,NA,0,NA,0,17.5,0,NA,0,NA,0,NA,0,NA,0,NA,0,NA,0,NA,0,NA,0.5,NA,0,NA,0,NA,0,NA,2.5,NA,0,NA,0.5,NA,0,NA,0,NA,0,NA,0,NA,0,NA,0,NA,0,0,0,NA,0,NA,0,NA,0,NA,0,NA,45,0,0,0,0,0,0,0.05,0,0,0,0,2.5,0,0,0.5,0,0,0.5,0.5,0,0,0,0,0,0,0,0,0,7.5,0,0.05,0,0,0,0,0,0,0,0,0,0,0,0,0,0,0,0,0,0,0,0.05,0,2.5,0,0,41.5,0,0,0,0,10,0.5,0,0,0,0,0,0,0,0,0.5,0,0,0,0,0,0,0.05,0,0,2.5,0,0.05,0,0.5,0,0,0,0,0,0.5,0,0,0,0,0,0,0,0,0,0,0,0.5,0,0,0,0,0,0,2.5,0.5,0,0,0,0,0,0,0,0,0,0,0,0,0,2.5,0,0,0,0,0,0,0.01,0,0,0,0,0,0,0,0,0,0,0,0,0,0,0,0,0,0,0,0,0,0,0,0,0,0,0,0,0.05,0,0.5,0,0,0
03BD110,2003/08/05 00:00:00,2003,FRIJOLES,18,BD,1,0.1,0,73.9,NA,4,3,NA,18,40,4.5,NA,0,2.5,2,0,0,NA,0,0,0,0,2.5,NA,0,2.5,0,0,0,NA,0,0,0,0,0,0,NA,0,NA,0,0,NA,0,0,0,0,20,NA,2.5,7.5,10,0,5,15.5,NA,0.5,0,15,0,0,NA,0,0,0,0,0,0,NA,0,0,0,0,0,NA,0,0,0,0,0,NA,0,0,0,0,35,NA,7.5,17.5,10,0,30,NA,7.5,7.5,15,0,0,NA,0,0,0,0,0,NA,0,NA,0,30,0.01,NA,0,NA,0,NA,0,NA,0,NA,0,0.5,0,NA,0,NA,0,NA,0,NA,0,NA,0,NA,0,NA,0,0,0,NA,0.5,NA,0,NA,0,NA,0,NA,0,NA,0,NA,0,NA,0,NA,0.5,NA,0,NA,0,NA,0,NA,2.5,NA,0.5,NA,0,NA,0,NA,0,NA,0,NA,0,NA,0,NA,0,20,0,NA,0,NA,0,NA,0,NA,0,NA,10,0,0,0,0,0,0,0,0,0,0,2.5,0,0,0,0,0,0,2.5,0,0,0.5,0,0,0,0,0,0,0,0,0,0,0,0.05,0,0,0,0,0,0,0,0,0,0,2.5,0.05,0,0,0,0,2.5,0,0,0,0,0,0.5,0,0,0,0,10,0.5,0.5,0,0,0.05,0,0,0,0,0.5,0,0,0,0,0.5,0,0,0,0,0,0,0,0,0,0,0,0,0,0,0,0,0,0,0,0,0,0.5,0,0,0.5,0,0,0,0,0,2.5,0,0.5,0.5,0,0,0,0,0,0,0,0,0,0,0,0,0,0,0,0,0.5,0,0,0,0.5,0,0.5,0,0.05,0,0,0,0,0,0,0,0.5,0,0.5,0,0,0,0,0,0,0.05,2.5,0,0,0,0,0,0,0,0,0,0,0.05,0.5,0
03BD114,2003/08/15 00:00:00,2003,CAPULIN,4,BD,45,15,0.1,22.9,15,2,0,NA,NA,25,0,NA,0,0,0,0,0,NA,0,0,0,0,0,NA,0,0,0,0,0,NA,0,0,0,0,0,0,NA,0,NA,0,0,NA,0,0,0,0,0,NA,0,0,0,0,0,2.5,17,0,0,2.5,0,0,NA,0,0,0,0,0,20,3,0,2.5,17.5,0,0,NA,0,0,0,0,0,NA,0,0,0,0,0,NA,0,0,0,0,0,NA,0,0,0,0,0,NA,0,0,0,0,0,NA,0,NA,0,20,0,NA,0,NA,0,NA,0,NA,0,NA,0,0,0,NA,0,NA,0.05,0.5,0,NA,17.5,1,2.5,1.5,0,NA,0,0,0,NA,0,NA,0,NA,0,NA,0,NA,0,NA,0,NA,0,NA,0,NA,0,NA,0,NA,0,NA,0,NA,0,NA,0,NA,0,NA,0,NA,0,NA,0,NA,0,NA,0,NA,0,0.5,0,NA,0.5,NA,0.5,NA,0,NA,0.05,0,8,0,0,0,0,0,0,0,0.5,0,0,0,0,0,0.5,2.5,0,0,0,0,0,0,0,0,0,0,0,0,0,0,0,0,0,0,0,0,0,0,0,0,0,0,0,0,0,0,0,0,0,0,0,0,0,0,0,0,0,0.05,0,0.5,2.5,15,0,0,0,0,0,0,0.5,0,0,0,0.5,0,2.5,0,0,0.05,0,0,2.5,0,0,0,0,0.05,0,0,0.05,0.05,7.5,0,0.05,0,0,0,0,0,0,0,0,0,0,0,0,0,0,0,0,0,0,0,0,0,0,0,0,0.5,0,0,0,0,0,0.01,0.5,2.5,0.5,0,0,0,0,0,0,0,0,0,0,0.01,0,0.01,0,0,0,0,0,0,0,0,0.05,0,0,0,0,0,0.05,0,0,0,0.5,0,0,0,0,0.01,0,0,0
03BD146,2003/08/16 00:00:00,2003,CAPULIN,11.4,BD,0.1,0.1,15,79.8,NA,2,1,NA,2,70,0,NA,0,0,0,0,0,NA,0,0,0,0,0,NA,0,0,0,0,0,NA,0,0,0,0,0,0,NA,0.05,0.5,0,0,NA,0,0,0,0,0,NA,0,0,0,0,0,63,33,0,0,63,0,0,NA,0,0,0,0,0,0,NA,0,0,0,0,0,NA,0,0,0,0,0,NA,0,0,0,0,0.5,20,0,0,0.5,0,0,1,0,0,0,0,0,NA,0,0,0,0,0,NA,0,NA,0,0.1,0,NA,0,NA,0,NA,0.05,0.3,0,NA,0,0,0,NA,0,NA,0,NA,0,NA,0,NA,0,NA,0,NA,0,0,0,NA,0,NA,0,NA,0,NA,0,NA,0,NA,0,NA,0,NA,0,NA,0,NA,0,NA,0,NA,0,NA,0,NA,0,NA,0,NA,0,NA,0,NA,0,NA,0,NA,0,NA,0,0,0,NA,0,NA,0,NA,0,NA,0,NA,2,0,0,0,0,0,0,0,0,0,0,0.05,0,0,0,0,0,0,0,0,0,0,2.5,0,0,0,0,0,0,0,0,0,0,0,0,0,0,0,0,0,0,0,0,0,0,0,0,0,0,0,0,0,0,0,0,2.5,0,0,0,0,0,0.1,0,0,0,0,0,0,0,0,0,0,0,0,0.05,0,0,0,0.01,0,0,0,0,0,0,0.05,0,0,0,0,0,0,0,0,0,0,0,0,0,0,0,0,0,0,0.05,0,0,0,0,0,0,0,0,0,0,0,0,0,0,0,0,0,0,0,0,0.05,0,0,0,0,0,0,0,0,0,0,0,0,0.05,0,0,0,0,0,0,0,0,0,0,0,0.01,0,0,0,0,0,0,0,0,0,0,0,0,0.01,0,0,0
03BD172,2003/08/16 00:00:00,2003,CAPULIN,6.7,BD,2,1,1,57,NA,4,0,NA,35,45,0,NA,0,0,0,0,0,NA,0,0,0,0,17.5,NA,0,0,17.5,0,0,NA,0,0,0,0,17.5,0,NA,0,NA,0,0,NA,0,0,0,0,0,NA,0,0,0,0,0,7.5,NA,0,0,7.5,0,0,NA,0,0,0,0,0,2.5,NA,0,0,2.5,0,0,NA,0,0,0,0,0,NA,0,0,0,0,0,NA,0,0,0,0,0,NA,0,0,0,0,0,NA,0,0,0,0,0,NA,0,NA,0,10,0,NA,0,NA,0,NA,0,NA,0,NA,0,0,0,NA,0,NA,0,NA,0.5,NA,0,NA,2.5,NA,0,NA,0,2.5,0,NA,0,NA,0.5,NA,0,NA,0,NA,0,NA,0,NA,0,NA,0,NA,0,NA,0,2.5,0,NA,0,NA,0,NA,0,NA,0,NA,0,NA,0,NA,0,NA,0,NA,0,NA,0.5,0.5,0,NA,0,NA,0,NA,0.01,NA,0,NA,20,0,0,0,0,0,0,0,0,0,0,0,0.5,0,0,0.5,0,0,2.5,0,0,0,0,0,0,0,0,0,0,2.5,0,0.5,0,0,0,0,0,0,0,0,0,0,0,0,0,0,0,0,0,0,0,0,0,0,0,0,7.5,0,0,0,0,20,0,0,0,0,0,0,0,0,0,0.5,0,0,0.5,0,0,0,0,0.5,0,2.5,0,0.01,0,0.5,0,0,0,0,0,0,0,0,0,0,0,0,0,0,0,0,0,0,0,0,0,0,0,0,0,0,0,0,0,0,0.01,0,0,0,0,0,0,0,0,7.5,0.5,0,0,0,0,0,0,0,0,0,0,0,0,0,0,0,0,0,0,0,0,0,0,0.01,0,0,0,0.05,0,0,0.05,0,0,0,0,0,0,2.5,0,0,0
03BD173,2003/08/15 00:00:00,2003,CAPULIN,2.4,BD,42,5,3,40,NA,0.5,0,NA,10,0,0,NA,0,0,0,0,0,NA,0,0,0,0,0,NA,0,0,0,0,0,NA,0,0,0,0,0,0,NA,0,NA,0,0,NA,0,0,0,0,0,NA,0,0,0,0,0,0,NA,0,0,0,0,0,NA,0,0,0,0,0,0,NA,0,0,0,0,0,NA,0,0,0,0,0,NA,0,0,0,0,0,NA,0,0,0,0,0,NA,0,0,0,0,0,NA,0,0,0,0,0,NA,0,NA,0,15,0,NA,0,NA,0,NA,0,NA,0,NA,0,0,0,NA,0,NA,0.01,NA,0,2.5,7.5,NA,0.001,NA,0,NA,0,0,0,NA,0,NA,0.01,NA,0,NA,0,NA,0,NA,0,NA,0,NA,0,NA,0,NA,0,NA,0,NA,0,NA,0,NA,0,NA,0,NA,0,NA,0,NA,0,NA,0,NA,0,NA,0,0,0,NA,0,NA,0,0.01,0,NA,0,NA,2,0.01,0,0,0,0,0,0,0.5,0,0,0,0,0,0,0.5,0,0,0,0,0,0,0,0,0,0,0,0,0,0,0,0,0,0,0,0,0,0,0,0,0,0,0,0,0,0,0,0,0,0.01,0,0,0,0,0,0,0,0,0,0.5,2.5,10,0,0,0,0,0,0,0,0,0.5,0,0,0,0,0,0,0.01,0,0,0.05,0,0,0,0,0,0,0,0.01,0,0,0,0,2.5,0,0,0,0,0,0,0,0,0,0.05,0,0,0,0,0,0,0,0,0,0,0,0,0,0,0,0,0,0,2.5,0,2.5,0.05,0.5,0,0,0,0,0,0,0,0,0,0,0,0,0,0,0,0,0,0,0,0,0,0.05,0,0,0.5,0,0,0.05,0,0,0,0,0,0,0,0,0,0,0,0
03ER024,2003/08/16 00:00:00,2003,CAPULIN,6.5,ER,12,15,15,25,NA,3,0,NA,30,0,0,NA,0,0,0,0,0,NA,0,0,0,0,0,NA,0,0,0,0,0,NA,0,0,0,0,0,0,NA,0,NA,0,0,NA,0,0,0,0,0,NA,0,0,0,0,0,0,NA,0,0,0,0,0,NA,0,0,0,0,0,0,NA,0,0,0,0,0,NA,0,0,0,0,0,NA,0,0,0,0,0,NA,0,0,0,0,0,NA,0,0,0,0,0,NA,0,0,0,0,0,NA,0,NA,0,1.5,0,NA,0,NA,0,NA,0,NA,0,NA,0,0,0,NA,0,NA,0,NA,0,NA,0,NA,2.5,NA,0,NA,0,0,0,NA,0,NA,0,NA,0.01,NA,0,NA,0,NA,0,NA,0,NA,0,NA,0,NA,0,NA,0,NA,0,NA,0,NA,0,NA,0,NA,0,NA,0,NA,0,NA,0,NA,0,NA,0,0,0,NA,0.5,NA,0,NA,0,NA,0,NA,10,0,0,0,0,0.05,0,0,0,0,0,0,0,0,0,0,0,0,0,0,0.01,0,0,0,0,0,0,0,0,0,0,0,0.5,0,0,0,0,0,0,0,0,0,0,0,0,0,0,0,0,0,0,0,0,0,0,0,0,0,7.5,0,0.5,30,0,0,0,0,0,0,0,2.5,0,2.5,2.5,0,0,0,0,0.05,2.5,0,0,0,0,0,0,0,0,0,0,0,0,0,0,0,0,0,0,0,0,0,0,0,0,0,0,0,0,0,0,0,0,0,0,0,0,0,2.5,0,0,0,0,0,0,0,0,2.5,7.5,0,0,0,0,0,0,0,0,0,0,0,0,0,0,0,0,0,0,0,0,0,0,0,0,0,0,0,0,0,0,0,0,0,0,0,0,2.5,0,0,0
03YC005,2003/08/05 00:00:00,2003,FRIJOLES,17.5,YC,0.1,0,0,19.4,NA,0.5,10,NA,80,50,0,NA,0,0,0,0,0,NA,0,0,0,0,0,NA,0,0,0,0,62.5,5,0,0,62.5,0,0,0,NA,0,NA,0,0,NA,0,0,0,0,7.5,18,0,0,7.5,0,0,0,NA,0,0,0,0,0,NA,0,0,0,0,0,0,NA,0,0,0,0,0,NA,0,0,0,0,0,NA,0,0,0,0,0,NA,0,0,0,0,0,NA,0,0,0,0,0,NA,0,0,0,0,0,NA,0,NA,0,2,0,NA,0,NA,0,NA,0,NA,0,NA,0,0,0,NA,0.001,NA,0,NA,0,NA,0,NA,0,NA,0,NA,0,0,0,NA,0,NA,0,NA,0,NA,0,NA,0,NA,0,NA,0,NA,0,NA,0,NA,0,NA,0,NA,0,NA,0,NA,2.5,NA,0,NA,0,NA,0,NA,0,NA,0,NA,0,NA,0,0,0,NA,0,NA,0,NA,0,NA,0,NA,75,0,0,41.5,0,0,0,0,0,0,0,0,0,0,0,0,0,0,0,0,0,0,0,17.5,0,0,0,0,0,0,0,0,0,0,0,0,0,0,7.5,0,0,0,0,0,0,0,0,2.5,0,0,0,0,0,0,0,0,0,0,0,0,0,40,0,17.5,0,0,0,0,0,0,0,0,0,0,0,0,0,0,0,0,0,0,0,0,0,0,0,0,0,0,0,0,0,0,0,7.5,0,2.5,0,0,0,0,0,0,0,0,0,0,0,0,0,0,0,0,0,0,0,0,0,2.5,0,0,0,0,0,0,0,0,0,0,0,0,0,0,0,0,0,0,0,0,0,0,0,0,2.5,0,7.5,0,0,0,0,0,0,0,0,0,0,0,0,7.5,0,0,0,0,0,0.5,0
03YC016,2003/08/15 00:00:00,2003,CAPULIN,3.7,YC,35,5,0.5,45.5,NA,4,0,NA,10,8,0,NA,0,0,0,0,0,NA,0,0,0,0,0,NA,0,0,0,0,0,NA,0,0,0,0,0,0,NA,0,NA,0,0,NA,0,0,0,0,0,NA,0,0,0,0,0,0,NA,0,0,0,0,0,NA,0,0,0,0,0,10,3,0,2.5,7.5,0,0,NA,0,0,0,0,0,NA,0,0,0,0,0,NA,0,0,0,0,0,NA,0,0,0,0,0,NA,0,0,0,0,0,NA,0,NA,0,40,0,NA,0,NA,0,NA,0,NA,0,NA,0,0,0,NA,0,NA,0,NA,0,NA,29,1,7.5,1.5,0,NA,0,2.5,0,NA,0,NA,0.5,1.5,0,NA,0,NA,0,NA,0,NA,2.5,2,0,NA,0,NA,0,NA,0,NA,0,NA,0,NA,0,NA,0,NA,0,NA,0,NA,0,NA,0,NA,0,NA,0.5,0,0,NA,0,NA,0,NA,0,NA,0,NA,6,0,0,0,0,0,0,0,0,0,0,0,0,0,0,7.5,0,0,0,0,0,0,0,0,0,0,0,0,0,0,0,0,0,0,0,0,0,0,0,0,0,0,0,0,0,0,0,0,0,0,0,0,0,0,0,0,0,0,0,0,0,10,0,0,0,0,0,0,0,0,0,0,0,0,0,0,0,0,0,0,7.5,0,0,0,0,0.5,0,0,0,0,2.5,0,2.5,0,0,0,0,0,0,0,0,0,0,0,0,0,0,0,0,0,0,0,0,0,0,0,0.5,0,0,0,0,0,0,0,0,0,0,0,0,0,0,0,0,0,0,0,0,0,0,0,0,0,0,0,0,0,0,0,0,0,0,0,0,0,0,0,0,0,0,0,0,0,0,0,0,0,0
03YC020,2003/08/16 00:00:00,2003,CAPULIN,10.4,YC,1,1,30,34,NA,2,2,NA,20,95,0,NA,0,0,0,0,0,NA,0,0,0,0,17.5,5,0,0,17.5,0,87.5,4,0,0,87.5,0,0,0,NA,0,NA,0,0,NA,0,0,0,0,0,NA,0,0,0,0,0,0,NA,0,0,0,0,0,NA,0,0,0,0,0,0,NA,0,0,0,0,0,NA,0,0,0,0,0,NA,0,0,0,0,0,NA,0,0,0,0,0,NA,0,0,0,0,0,NA,0,0,0,0,0,NA,0,NA,0,2,0,NA,0,NA,0,NA,0,NA,0,NA,0,0,0,NA,0,NA,0,NA,0,NA,0,NA,0,NA,0,NA,0,2.5,0,NA,0,NA,0,NA,0,NA,0,NA,0,NA,0,NA,0,NA,0,NA,0,NA,0,NA,0,NA,0,NA,0,NA,0,NA,0,NA,0,NA,0,NA,0,NA,0,NA,0,NA,0,0,0,NA,0,NA,0,NA,0,NA,0,NA,15,0,0,0,0,0,0,0,0,0,0,0,0,0,0,0,0,0,0,0,0,0,0,0,0,0,0,0,0,7.5,0,2.5,0,0,0,0,0,0,0,0,0,0,0,0,0,0,0,0,0,0,0,0,0,0,0,0,7.5,0,0,0,0,8,0,0,0,0,0,2.5,0,0,0,0,0,0,0,0,0,0,0,0,0,2.5,0,0,0.5,0,0,0,0,0,0,0,0,0,0,0,0,0,0.05,0,0,0,0,0,0,0,0,0,0,0,0.05,0,0,0,0,0,0,0,0,0,0,0,0,0,0,0,0,0,0,0,0,0,0,0,0,0,0,0,0,0,0,0,0,0,0,0,0,0,0,0,0,0,0,0.5,0,0,0,0,0,0,0,2.5,0,0,0,0,0
06JC203,2006/07/07 00:00:00,2006,FRIJOLES,3,JC,NA,NA,NA,NA,NA,NA,NA,NA,NA,NA,0,NA,0,0,0,0,0,NA,0,0,0,0,62.5,NA,0,0,62.5,0,0,NA,0,0,0,0,0,0,NA,0,NA,0,0,NA,0,0,0,0,0,NA,0,0,0,0,0,17.5,NA,0,0,17.5,0,0,NA,0,0,0,0,0,2.5,NA,0,0,2.5,0,0,NA,0,0,0,0,0,NA,0,0,0,0,0,NA,0,0,0,0,0,NA,0,0,0,0,0,NA,0,0,0,0,0,NA,0,NA,0,NA,0,NA,0,NA,0,NA,0,NA,0,NA,0,0,0,NA,0,NA,0,NA,0,NA,0,NA,62.5,NA,0,NA,0,41.5,0,NA,0,NA,0,NA,0,NA,0,NA,0,NA,0,NA,0,NA,0,NA,0,NA,2.5,NA,0,NA,0,NA,0,NA,0,NA,0,NA,0,NA,0,NA,0,NA,0,NA,0,NA,0,NA,0,NA,0,NA,0,NA,0,NA,0,NA,NA,0,0,0,2.5,0,0,0,0,0,0,0,0,0,0,0,0,0,0,0,0,0,0,0,0,0,0,0,0,0,0,0,0,0,0,0,0,0,0,0,0,0,0,0,0,0,0,0,0,0,0,0,0,0.5,0,0,0,0,0,0,0,NA,0,0,0,0,0,0,0,0,0,0,0,0,0,0,0,0,0,0,0,0,0,0,0,0,0,0,0,0,0,0,0,0,0,0,0,0,0,0,0,0,0,0,0,0,0,0,0,0,0,0,0,0,0,0,0,0,0,0,0,0,0,0,0,0,0,0,0,0,0,0,0,0,0,0,0,0,0,0,0,0,0,0,0,0,2.5,0,0,0,0,0,0,0,0,0,0,0,0,0,0,0,0,0,0,0,0
06JC204,2006/07/07 00:00:00,2006,FRIJOLES,3.2,JC,NA,NA,NA,NA,NA,NA,NA,NA,NA,NA,0,NA,0,0,0,0,0,NA,0,0,0,0,41.5,NA,0,0,41.5,0,17.5,NA,0,0,17.5,0,0,0,NA,0,NA,0,0.5,NA,0,0.5,0,0,0,NA,0,0,0,0,0,29,NA,0,0,29,0,0,NA,0,0,0,0,0,29,NA,0,0,29,0,0,NA,0,0,0,0,0,NA,0,0,0,0,0,NA,0,0,0,0,0,NA,0,0,0,0,0,NA,0,0,0,0,0,NA,0,NA,0,NA,0,NA,0,NA,0,NA,0,NA,0,NA,0,0,0,NA,0,NA,0,NA,0,NA,0,NA,62.5,NA,0,NA,0,0,0,NA,0,NA,0,NA,0,NA,0,NA,0,NA,0,NA,0,NA,0,NA,0,NA,0,NA,0,NA,0,NA,0,NA,0,NA,0,NA,0,NA,0,NA,0,NA,0,NA,0,NA,0,NA,0,NA,0,NA,0,NA,0,NA,0,NA,NA,0,0,0,7.5,0,0,0,0,0,0,2.5,0,0,0,0,0,0,0,0,0,0,0,0,0,0,0,0,0,0,0,0,0,0,0,0,0,0,0,0,0,0,0,0,0,0,0,0,0,0,0,0,0,0.5,0,0,0,0,0,0,0,NA,0,0,0,0,0,0,0,0,0,0,0,0,0,0,0,0,0,0,0,0,0,0,0,0,0,0,0,0,0,0,0,0,0,0,0,2.5,0,0,0,0,0,0,0,0,0,0,0,0,0,0,0,0,0,0,0,0,0,0,0,0,0,0,0,0,0,0,0,0,0,0,0,0,0,0,0,0,0,0,0,0,0,0,0,0,0,0,0,0,0,0,0,0,0,0,0,0,0,0,0,0,0,0,0,0,0
06JC518,2006/09/11 00:00:00,2006,FRIJOLES,4.7,JC,NA,NA,NA,NA,NA,NA,NA,NA,NA,NA,0,NA,0,0,0,0,0,NA,0,0,0,0,62.5,NA,0,0,62.5,0,0,NA,0,0,0,0,0,0,NA,0,NA,0,0,NA,0,0,0,0,0,NA,0,0,0,0,0,0,NA,0,0,0,0,0,NA,0,0,0,0,0,41.5,NA,0,0,41.5,0,0,NA,0,0,0,0,0,NA,0,0,0,0,0,NA,0,0,0,0,0,NA,0,0,0,0,0,NA,0,0,0,0,0,NA,0,NA,0,NA,0,NA,0,NA,0,NA,0,NA,0,NA,0,0,0,NA,0,NA,0,NA,0,NA,0,NA,17.5,NA,0,NA,0,2.5,0,NA,0,NA,0,NA,0,NA,0,NA,0,NA,0,NA,0,NA,0,NA,0,NA,0,NA,0,NA,0,NA,0,NA,0,NA,0,NA,0,NA,0,NA,0,NA,0,NA,0,NA,0,NA,0,NA,0,NA,0,NA,0,NA,0,NA,NA,0,0,0,0,0,0,0,0,0,0,0,0,0,0,0,0,2.5,0,0,0,0,0,0,0,17.5,0,0,0,0,0,0,0,0,0,0,0,0,0,0,0,0,0,0,0,0,0,0,0,0,0,0,0,0,0,0,0,0,0,0,0,NA,0,0,0,0,0,0,0,0,0,0,0,0,0,0,0,0,0,0,0,0,0,0,0,0,0,0,0,0,0,0,0,0,0,0,0,0,0,0,0,0,0,0,0,0,0,0,0,2.5,0,0,0,0,0,0,0,0,0,0,0,0,0,0,0,0,0,0,0,0,0,0,0,0,0,0,0,0,0,0,0,0,0,0,0,0,0,0,0,0,0,0,0,2.5,0,0,0,0,0,0,0,0,0,0,0,0,0
06JC520,2006/09/11 00:00:00,2006,FRIJOLES,5.1,JC,NA,NA,NA,NA,NA,NA,NA,NA,NA,NA,0,NA,0,0,0,0,0,NA,0,0,0,0,17.5,NA,0,0,17.5,0,0,NA,0,0,0,0,0,0,NA,0,NA,2.5,0,NA,0,0,0,0,0,NA,0,0,0,0,0,41.5,NA,0,0,41.5,0,0,NA,0,0,0,0,0,0.001,NA,0,0,0.001,0,0,NA,0,0,0,0,0,NA,0,0,0,0,0,NA,0,0,0,0,17.5,NA,0,0,17.5,0,0,NA,0,0,0,0,0,NA,0,NA,0,NA,0,NA,0,NA,0,NA,0,NA,0,NA,0,0,0,NA,0,NA,0,NA,0,NA,0,NA,41.5,NA,0,NA,0,0,0,NA,0,NA,0,NA,0,NA,0,NA,0,NA,0,NA,0,NA,0,NA,0,NA,0,NA,0,NA,0,NA,0,NA,0,NA,0,NA,0,NA,0,NA,0,NA,0,NA,0,NA,0,NA,0,NA,0,NA,0,NA,0,NA,0,NA,NA,0,0,0,0,0,0,0,0,0,0,0,0,0.5,0,0,0,0,0,0,0,0,0,0,0,0,0,2.5,2.5,0,0,0,0,0,0,0,0,0,0,0,0,0,0,0,0,0,0,0,0,0,0,0,0,0,0,2.5,0,0,0,0,0,NA,0,0,0,0,0,0,0,0,0,0,0,0,2.5,0,0,0,0,0,0,0,0,0,0,0,0,0,0,0,0,0,0,0,0,0,0,0,0,0,0,0,0,0,0,0,0,0,0,0,0,0,0,0,0,0,0,0,0.05,0,0,0,0,0,0,0,0,0,0,0,0,0,0,0,0,0,0,0,0,0,0,0,0,0,0,0,0,0,0,0,0,0,0,0,0,0,0,0,0,0,0,0,0,0,0,0,0
06JC523,2006/09/11 00:00:00,2006,FRIJOLES,5.9,JC,NA,NA,NA,NA,NA,NA,NA,NA,NA,NA,7.5,NA,0,0,7.5,0,0,NA,0,0,0,0,17.5,NA,0,0,17.5,0,2.5,NA,0,0,2.5,0,0,2.5,NA,0,NA,0,2.5,NA,0,0,2.5,0,0,NA,0,0,0,0,0,41.5,NA,0,0,41.5,0,0,NA,0,0,0,0,0,7.5,NA,0,0,7.5,0,0,NA,0,0,0,0,31.5,NA,0,2.5,29,0,31.5,NA,0,2.5,29,0,0,NA,0,0,0,0,0,NA,0,0,0,0,0,NA,0,NA,0,NA,0,NA,0,NA,0,NA,0,NA,0,NA,0,0,0,NA,0,NA,0,NA,0,NA,0,NA,7.5,NA,0,NA,0,2.5,0,NA,0,NA,0,NA,0,NA,0,NA,0,NA,0,NA,0,NA,0,NA,0,NA,0,NA,0,NA,0,NA,0,NA,0,NA,0,NA,0,NA,0,NA,0,NA,0,NA,0,2.5,0,NA,0,NA,0,NA,0,NA,0,NA,0,NA,NA,0,0,0,0,0,0,0,0,0,0,0,0,0,0,0,0,2.5,0,0,0,0,0,0,0,0,0,0,0,0,0,0,0,0,0,0,0,0,0,0,0,0,0,0,0,0,0,0,0,0,0,0,0,7.5,0,0.5,0,0,0,0,0,NA,0,0,0,0,0,2.5,0,0,0,0,0,0,0,0,0,0,0,0,0,0,0,0,0,0,0,0,0,0,0,0,0,0,0,0,0,0,0,0,0,0,0,0,0,0,0,0,0,0,0,0,0,0,0,0,0,0,0,0,0,0,0,0,0,0,0,0,0,0,0,0,0,0,0,0,0,0,0,0,0,0,0,0,0,0,0,0,0,0,0,0,0,2.5,0,0,0,0,0,0,0,0,0,0,0,2.5,0
06JC524,2006/09/11 00:00:00,2006,FRIJOLES,6.2,JC,NA,NA,NA,NA,NA,NA,NA,NA,NA,NA,0,NA,0,0,0,0,0,NA,0,0,0,0,29,NA,0,0,29,0,0,NA,0,0,0,0,0,7.5,NA,0,NA,0,29,NA,0,0,29,0,0,NA,0,0,0,0,0,29,NA,0,0,29,0,0,NA,0,0,0,0,0,29,NA,0,0,29,0,0,NA,0,0,0,0,0,NA,0,0,0,0,0,NA,0,0,0,0,7.5,NA,0,0,7.5,0,0,NA,0,0,0,0,0,NA,0,NA,0,NA,0,NA,0,NA,0,NA,0,NA,0,NA,0,0,0,NA,0,NA,0,NA,0,NA,0,NA,17.5,NA,0,NA,0,0,0,NA,10,NA,2.5,NA,0,NA,0,NA,0,NA,0,NA,0,NA,0,NA,0,NA,0,NA,0,NA,0,NA,7.5,NA,0,NA,0,NA,0,NA,0,NA,0,NA,0,NA,0,NA,0,NA,0,NA,0,NA,0,NA,0,NA,0,NA,NA,0,0,0,0,0,2.5,0,0,0,0,0,0,0,0,0,0,0,0,0,0,0,0,0,0,0,0,0,0,0,0,0,0,0,0,0,0,0,0,0,0,0,0,0,0,0,0,0,0,0,0,0,0,2.5,0,0,0,0,0,0,0,NA,0,0,0,0,0,0,0,0,0,0,0,0,0,0,0,0,0,0,0,0,0,0,0,0,0,0,0,0,0,0,0,0,0,0,0,0,0,0,0,0,0,0,0,0,0,0,0,0,0,0,0,0,0,0,0,0,0,0,0,0,0,0,0,0,0,0,0,0,0,0,0,0,0,0,0,0,0,0,0,0,0,0,0,0,0,0,0,0,0,0,0,2.5,0,0,0,0,0,0,0,0,0,0,0,0,0
06JC527,2006/09/11 00:00:00,2006,FRIJOLES,7.4,JC,NA,NA,NA,NA,NA,NA,NA,NA,NA,NA,29,NA,0,0,29,0,0,NA,0,0,0,0,29,NA,0,0,29,0,2.5,NA,0,0,2.5,0,0,2.5,NA,0,NA,0,0,NA,0,0,0,0,0,NA,0,0,0,0,0,0,NA,0,0,0,0,0,NA,0,0,0,0,0,0,NA,0,0,0,0,0,NA,0,0,0,0,0,NA,0,0,0,0,29,NA,0,0,29,0,2.5,NA,0,2.5,0,0,0,NA,0,0,0,0,0,NA,0,NA,0,NA,0,NA,0,NA,0,NA,0,NA,0,NA,0,0,0,NA,0,NA,0,NA,0,NA,0,NA,0,NA,2.5,NA,0,2.5,0,NA,0,NA,0,NA,0,NA,0,NA,0,NA,0,NA,0,NA,0,NA,0,NA,0,NA,0,NA,0,NA,0,NA,0,NA,0,NA,0,NA,0,NA,0,NA,0,NA,2.5,NA,0,NA,0,NA,0,NA,0,NA,0,NA,0,NA,NA,0,0,0,0,0,0,0,0,0,0,0,0,0.5,0,0,0,0,0,0,0,0,0,0,0,0,0,0,0,0,0,0,0,0,0,0,0,0,0,0,0,0,0,0,0,0,0,0,0,0,0,0,0,2.5,0,0,0,0,0,0,0,NA,0,0,0,0,0,7.5,0,0,0,0,0,0,0,0,0,0,0,0,0,0,0,0,0,0,0,0,0,0,0,0,0,0,2.5,0,0,0,0,7.5,0,0,0,0,0,0,0,0,0,2.5,0,2.5,0,0,0,0,0,0,0,0,7.5,0,0,0,0,0,0,0,0,0,0,0,0,0,0,0,0,0,0,0,0,0,0,0,0,0,2.5,0,0,0,0,0,0,0,0,0,0,0,0,0,0,0,0,0,0,0.5,0
06JC529,2006/09/12 00:00:00,2006,FRIJOLES,13.4,JC,NA,NA,NA,NA,NA,NA,NA,NA,NA,NA,17.5,NA,0,0,17.5,0,2.5,NA,0,0,2.5,0,2.5,NA,0,0,2.5,0,17.5,NA,0,0,17.5,0,0,0,NA,0.5,NA,0,0,NA,0,0,0,0,0,NA,0,0,0,0,0,17.5,NA,0,0,17.5,0,0,NA,0,0,0,0,0,0,NA,0,0,0,0,0,NA,0,0,0,0,0,NA,0,0,0,0,17.5,NA,0,0,17.5,0,7.5,NA,0,0,7.5,0,0,NA,0,0,0,0,0,NA,0,NA,0,NA,0,NA,0,NA,0,NA,0,NA,0,NA,0,0,0,NA,0,NA,0,NA,0,NA,0,NA,0,NA,0,NA,0,2.5,0,NA,5,NA,0,NA,0,NA,0,NA,0,NA,0,NA,0,NA,0,NA,0,NA,0,NA,0,NA,0,NA,0,NA,0,NA,0,NA,0,NA,0,NA,0,NA,0,NA,0,NA,0,NA,0,NA,0,NA,0,NA,0,NA,0,NA,NA,0,0,0,0,0,0,0,0,0,0,0,0,0.5,0,0,0,0,0,0,0,0,0,0,0,0,0,7.5,0,0,0,0,0,0,0,0,0,0,0,0,0,0,0,0,0,0.5,0,0,0,0,2.5,0,0,0,0,0,0,0,0,0,0,NA,0,0,0,0,2.5,0,0,0,0,0,0,0,0,0,0,0,0,0,0,0,0,0,0,0,0,0,0,0,0,0,0,0,0,0,0,0,0,2.5,0,0,0,0,0,0,0,0,0,0,0,0,0,0,0,0,0,0,0,0,0,0,0,0,0,0,0,0,0,0,0,2.5,0,0,0,0,0,0,0,0,0,0,0,0,0,0,0,0,0,0,0,0,0,17.5,0,0,0,0,0,0,0,0,17.5,0,0,2.5,0
06JC532,2006/09/12 00:00:00,2006,FRIJOLES,14,JC,NA,NA,NA,NA,NA,NA,NA,NA,NA,NA,49,NA,0,7.5,41.5,0,0,NA,0,0,0,0,17.5,NA,0,0,17.5,0,20,NA,0,2.5,17.5,0,0,0,NA,0,NA,0,0,NA,0,0,0,0,0,NA,0,0,0,0,0,17.5,NA,0,0,17.5,0,0,NA,0,0,0,0,0,0,NA,0,0,0,0,0,NA,0,0,0,0,0,NA,0,0,0,0,29,NA,0,0,29,0,7.5,NA,0,0,7.5,0,0,NA,0,0,0,0,0,NA,0,NA,0,NA,0,NA,0,NA,0,NA,0,NA,0,NA,0,0,0,NA,0,NA,0,NA,0,NA,0,NA,0,NA,0,NA,0,2.5,0,NA,0,NA,0,NA,0,NA,0,NA,0,NA,0,NA,0,NA,0,NA,0,NA,0,NA,0,NA,0,NA,0,NA,0,NA,0,NA,0,NA,0,NA,0,NA,0,NA,2.5,NA,0,NA,0,NA,0,NA,0,NA,0,NA,0,NA,NA,0,0,0,0,0,0,0,0,0,0,0,0,0,0,0,0,0,0,0,0,0,0,0,0,0,0,0,0,0,7.5,0,0,0,0,0,0,0,0,0,0,0,0,0,0,0,0,0,0,0,2.5,0,0,0,0,0,0,0,0,0,0,NA,0,0,0,0,0,0,0,0,0,0,0,0,0,0,0,0,0,0,0,0,0,0,0,0,0,0,0,0,0,0,0,0,0,0,0,0,0,0,0,0,0,0,0,0,0,0,0,2.5,0,0,0,0,0,0,0,0,0,0,2.5,0,0,0,0,0,0,0,0,0,0,0,0,0,0,0,0,0,0,0,0,0,0,0,0,0,0,0,0,0,0,0,0,7.5,0,0,0,0,0,0,0,0,0,0,0,0,0
07BJ001,2007/10/24 00:00:00,2007,FRIJOLES,6.7,BJ,NA,NA,NA,NA,NA,NA,NA,NA,NA,85,0.5,NA,0,0.5,0,0,0,NA,0,0,0,0,18,NA,0,0.5,17.5,0,7.5,NA,0,0,7.5,0,0,0,NA,0,NA,0,0,NA,0,0,0,0,0,NA,0,0,0,0,0,2.5,NA,0,0,2.5,0,0,NA,0,0,0,0,NA,0,NA,0,0,0,0,0,NA,0,0,0,0,0,NA,0,0,0,0,17.5,NA,0,0,17.5,0,18,NA,0,0.5,17.5,0,0,NA,0,0,0,0,0,NA,0,NA,0,15,0,NA,0,NA,0,NA,0,NA,0,NA,0,0,0,NA,0,NA,0,NA,0,NA,0,NA,2.5,NA,0,NA,0,0,0,NA,0,NA,0,NA,0,NA,0,NA,0,NA,0,NA,0,NA,0,NA,0,NA,0,NA,0,NA,0,NA,0,NA,0,NA,0,NA,0,NA,0,NA,0,NA,0,NA,0,NA,0,0,0,NA,0,NA,0,NA,0,NA,0,NA,20,0,0,0,0,0,0,0,0,0,0,17.5,0,0,0,0,0,0,0,0,0,0,0,0,0,0,0,0,0,0,0,0,0,0,0,0,0,0,0,0,0,0,0,0,0,0,0,0,0,0,2.5,0,0,0,0,0,0,0,0,0,0,15,0,0,0,0,0,0,0,0,0,0,0,0,0,0,0,0,0,0,0,0,0,0,0,0,0,0,0,0,0,0,0,0,0,0,0,0,7.5,0,0,0,0,0,0,0,0,0,0,0,0,0,0,0,0,0,0,0,0,0,0,0,0,0,0,0,0,0,0,0,0,0,0,0,0,0,0,0,0,0,0,0,0,0,0,0,0.5,0,0,0,0,0,0,0,0,0,0,0,0,0,0,0.01,0,0,0,0,0
07BJ002,2007/10/26 00:00:00,2007,FRIJOLES,9.3,BJ,NA,NA,NA,NA,NA,NA,NA,NA,NA,95,0.5,NA,0,0.5,0,0,0,NA,0,0,0,0,88,NA,0,0.5,87.5,0,0,NA,0,0,0,0,0,0,NA,0,NA,0,0,NA,0,0,0,0,0,NA,0,0,0,0,0,0,NA,0,0,0,0,0,NA,0,0,0,0,0,0,NA,0,0,0,0,0,NA,0,0,0,0,0,NA,0,0,0,0,0,NA,0,0,0,0,0,NA,0,0,0,0,0,NA,0,0,0,0,0,NA,0,NA,0,1,0,NA,0,NA,0,NA,0,NA,0,NA,0,0,0,NA,0,NA,0,NA,0,NA,0,NA,0,NA,0,NA,0,0,0,NA,0.05,NA,0,NA,0,NA,0,NA,0,NA,0,NA,0,NA,0,NA,0,NA,0,NA,0,NA,0,NA,17.5,NA,0,NA,0,NA,0,NA,0,NA,0,NA,0,NA,0,NA,0,20,0,NA,0,NA,0,NA,0,NA,0,NA,0,0,0,0,0,0,0,0,0,0,0,0,0,0,0,0,0,0,0,0,0,0,0,0,0,0,0,0,0,0,0,0,0,0,0,0,0,0,0,0,0,0,0,0,0,0,0,0,0,0,0,0,0,0,0,0,0,0,0,0,0,15,0,0,0,0,0,0,0,0,0,0,0,0,0,0,0,0,0,0,0,0,0,0,0,0,0,0,0,0,0,0,0,0,0,0,0,0,0.05,0,0,0,0,0,0,0,0,0,0,0,0,0,0,0,0,0,0,0,0,0,2.5,0,0,0,0,0,0,0,0,0,0,0,0,0,0,0,0,0,0,0,0,0,0,0,0,0,0,0,0,0,0,0,0,0,0,0,0,0,0,0,0,2.5,0,0,0,0,0
07BJ003,2007/10/26 00:00:00,2007,FRIJOLES,8.9,BJ,NA,NA,NA,NA,NA,NA,NA,NA,NA,95,0.05,NA,0,0.05,0,0,0,NA,0,0,0,0,105,NA,0,17.5,87.5,0,0,NA,0,0,0,0,0,0,NA,0,NA,0,0,NA,0,0,0,0,0,NA,0,0,0,0,0,0,NA,0,0,0,0,0,NA,0,0,0,0,0,0,NA,0,0,0,0,0,NA,0,0,0,0,0,NA,0,0,0,0,0,NA,0,0,0,0,0,NA,0,0,0,0,0,NA,0,0,0,0,0,NA,0,NA,0,40,0,NA,0,NA,0,NA,0,NA,0,NA,0,0,0,NA,0,NA,0,NA,0,NA,0,NA,17.5,NA,0,NA,0,0,0,NA,7.5,NA,0,NA,0,NA,0,NA,0,NA,0,NA,0,NA,0,NA,0,NA,0,NA,2.5,NA,0,NA,7.5,NA,0,NA,0,NA,0,NA,0,NA,0,NA,0,NA,0,NA,0,1,0,NA,0,NA,0,NA,0,NA,0,NA,1,0,0,0,0,0,0,0,0,0,0,0.01,0,0,0,0,0,0,0,0,0,0,0,0,0,0,0,0,0,0,0,0,0,0,0,0,0,0,0,0,0,0,0,0,0,0,0,0,0,0,0.01,0,0,0,0,0,0,0,0,0,0,10,0,0,0,0,0,0,0,0,0,0,0,0,0,0,0,0,0,0,0,0,0,0,0,0,0,0,0,0,0,0,0,0,0,0,0,0,0.05,0,0,0,0,0,0,0,0,2.5,0,0,0,0,0,0,0,0,0,0,0,0,0.5,0,0,0,0,0,0,0,0,0,0,0,0,0,0,0,0,0,0,0,0,0,0,0,0,0,0,0,0.5,0,0,0,0,0,0,0,0,0,0,0,0,0.05,0,0,0,0,0
07BJ004,2007/10/26 00:00:00,2007,FRIJOLES,7.9,BJ,NA,NA,NA,NA,NA,NA,NA,NA,NA,60,27.5,NA,2.5,7.5,17.5,0,0,NA,0,0,0,0,20,NA,0,2.5,17.5,0,2.5,NA,0,0,2.5,0,0,0,NA,0,NA,0,0,NA,0,0,0,0,0,NA,0,0,0,0,0,0,NA,0,0,0,0,0,NA,0,0,0,0,0,0,NA,0,0,0,0,0,NA,0,0,0,0,0,NA,0,0,0,0,7.5,NA,0,0,7.5,0,0,NA,0,0,0,0,0,NA,0,0,0,0,0,NA,0,NA,0,15,0,NA,0,NA,0,NA,0,NA,0,NA,0,0,0.5,NA,0,NA,0,NA,0,NA,0,NA,0.5,NA,0,NA,0.5,0,0,NA,0,NA,0,NA,0,NA,0,NA,0,NA,0,NA,0,NA,0,NA,0.5,NA,0,NA,0,NA,0,NA,0,NA,0,NA,0,NA,0,NA,0,NA,0,NA,0,NA,0,NA,0,5,0,NA,0,NA,0,NA,0,NA,0,NA,1,0,0,0,0,0,0,0,0,0,0,0.05,0,0,0,0,0,0,0,0,0,0,0,0,0,0,0,0,0,0,0,0,0,0,0,0,0,0,0,0,0,0,0,0,0,0,0,0,0,0,0,0,0,0,0,0,0,0,0,0,0,5,0,0,0,0,0,0,0,0,0,0,0,0,0,0,0,0,0,0,0,0,0,0,0,0,0,0,0,0,0,0,0,0,0,0,0,0,2.5,0,0,0,0,0,0,0,0,0,0,0,0,0,0,0,0,0,0,0,0,0,0.5,0,0,0,0,0,0,0,0,0,0,0,0,0,0,0,0,0,0,0,0,0,0,0,0,0,0,0,0,0,0,0,0,0,0,0,0,0,0,0,0,0,0,0,0,0,0
07BJ005,2007/10/26 00:00:00,2007,FRIJOLES,7.8,BJ,NA,NA,NA,NA,NA,NA,NA,NA,NA,95,7.5,NA,0,0,7.5,0,0,NA,0,0,0,0,20,NA,0,2.5,17.5,0,0,NA,0,0,0,0,0,0.5,NA,0,NA,0,0,NA,0,0,0,0,0,NA,0,0,0,0,0,0,NA,0,0,0,0,0,NA,0,0,0,0,0,0,NA,0,0,0,0,0,NA,0,0,0,0,0,NA,0,0,0,0,29,NA,0,0,29,0,3,NA,0.5,2.5,0,0,0,NA,0,0,0,0,0,NA,0,NA,0,15,0,NA,0,NA,0,NA,0,NA,0,NA,0,0,0,NA,0,NA,0,NA,0,NA,0,NA,7.5,NA,0,NA,0,0,0,NA,0,NA,0,NA,0,NA,0,NA,0,NA,0,NA,0,NA,0,NA,0,NA,0,NA,0.5,NA,0,NA,2.5,NA,0,NA,0,NA,0,NA,0,NA,0,NA,0,NA,0,NA,0,5,0,NA,0,NA,0,NA,0,NA,0,NA,1,0,0,0,0,0,0,0,0,0,0,0,0,0,0,0,0,0,0,0,0,0,0,0,0,0,0,0,0,0,0,0,0,0,0,0,0,0,0,0,0,0,0,0,0,0,0.05,0,0,0,0.05,0,0,0,0,0,0,0,0,0,0,15,0,0,0,0,0,0,0,0,0,0,0,0,0,0,0,0,0,0,0,0,0,0,0,0,0,0,0,0,0,0,0,0,0,0,0,0,7.5,0,0,0,0,0,0,0.05,0,0,0,0,0,0,0.5,0,0,0,0,0,0,0,0.05,0,0,0,0,0,0,0,0,0,0.5,0,0,0,0,0,0,0,0,0,0,0,0,0,0,0,0,0,0,0,0,0,0,0.5,0,0,0,0,0,0,0,0,0,0,0,0,0
07BJ006,2007/10/26 00:00:00,2007,FRIJOLES,7.6,BJ,NA,NA,NA,NA,NA,NA,NA,NA,NA,70,42,NA,0.5,0,41.5,0,0,NA,0,0,0,0,10,NA,0,7.5,2.5,0,0,NA,0,0,0,0,0,0,NA,0,NA,0,0,NA,0,0,0,0,0,NA,0,0,0,0,0,0.5,NA,0,0,0.5,0,0,NA,0,0,0,0,0,0,NA,0,0,0,0,0,NA,0,0,0,0,0,NA,0,0,0,0,0.5,NA,0,0,0.5,0,2.5,NA,0,0,2.5,0,0,NA,0,0,0,0,0,NA,0,NA,0,60,0,NA,0,0.5,0,NA,0,NA,0,NA,0,0,0,NA,0,NA,0,NA,0,NA,0,NA,44,NA,0,NA,0,0,0,NA,0,NA,0.5,NA,0,NA,0,NA,0,NA,0,NA,0,NA,0,NA,0,NA,0,NA,2.5,NA,0,NA,0,NA,0,NA,0,NA,0,NA,0,NA,0,NA,0,NA,0,NA,0,5,0,NA,0,NA,0,NA,0,NA,0,NA,25,0,0,0,0,0,0,0,0,0,0,0,0,0,0,0,0,0,0,0,0,0,0,0,0,0,0,0,0,0,0,0,0,0,0,17.5,0,0,0,0,0,0,0,0,0,0,0,0,0,0,7.5,0,0,0,2.5,0,0,0,0,0,0,1,0,0,0,0,0,0,0,0,0,0,0,0,0,0,0,0,0,0,0,0,0,0,0,0,0,0,0,0,0,0,0,0,0,0,0,0,0,0,0,0,0,0,0,0,0,0,0,0,0,0,0,0,0,0,0,0,0,0,0,0,0,0,0,0,0,0,0,0,0,0,0,0,0,0,0,0,0,0,0,0,0,0,0,0,0,0,0,0,0,0,0,0.5,0,0,0,0,0,0,0,0,0,0,0,0,0
07BJ007,2007/10/26 00:00:00,2007,FRIJOLES,7.2,BJ,NA,NA,NA,NA,NA,NA,NA,NA,NA,90,0,NA,0,0,0,0,0,NA,0,0,0,0,87.55,NA,0.05,0,87.5,0,2.5,NA,0,0,2.5,0,0,0,NA,0,NA,0,0,NA,0,0,0,0,0,NA,0,0,0,0,0,0,NA,0,0,0,0,0,NA,0,0,0,0,0,0,NA,0,0,0,0,0,NA,0,0,0,0,0,NA,0,0,0,0,0,NA,0,0,0,0,0,NA,0,0,0,0,0,NA,0,0,0,0,0,NA,0,NA,0,20,0,NA,0,NA,0,NA,0,NA,0,NA,0,0,0,NA,0,NA,0,NA,0,NA,0,NA,17.5,NA,0,NA,0,0,0,NA,8.5,NA,0,NA,0,NA,0,NA,0,NA,0,NA,0,NA,0,NA,0,NA,0,NA,0,NA,0,NA,0,NA,0,NA,0,NA,0,NA,0,NA,0,NA,0,NA,0,NA,0,1,0,NA,0,NA,0,NA,0,NA,0,NA,1,0,0,0,0,0,0,0,0,0,0,0,0,0,0,0,0,0,0,0,0,0,0,0,0,0,0,0,0,0,0,0,0,0,0,0,0,0,0,0,0,0,0,0,0,0,0,0,0,0,0.05,0,0,0,0,0,0,0,0,0,0,20,0,0,0,0,0,0,0,0,0,0,0,0,0,0,0,0,0,0,0,0,0,0,0,0,0,0,0,0,0,0,0,0,0,0,0,0,17.5,0,0,0,0,0,0,0,0,0,0,0,0,0,0,0,0,0,0,0,0,0,0,0,0,0,0,0,0,0,0,0,0,0,0,0,0,0,0,0,0,0,0,0,0,0,0,0,0,0,0,0,0,0,0,0,0,0,0,0,0,0,0,0,0,0,0,0.05,0
08CJ101,2008/09/03 00:00:00,2008,FRIJOLES,17.9,CJ,NA,NA,NA,NA,NA,NA,NA,NA,NA,60,5,NA,2.5,0,2.5,0,0,NA,0,0,0,0,29,NA,0,0,29,0,2.5,NA,0,2.5,0,0,0,0,NA,0,NA,0,0,NA,0,0,0,0,59,NA,0,17.5,41.5,0,0,0,NA,0,0,0,0,0,NA,0,0,0,0,0,0,NA,0,0,0,0,0,NA,0,0,0,0,35,NA,0,17.5,17.5,0,0,NA,0,0,0,0,7.5,NA,0,0,7.5,0,0,NA,0,0,0,0,0,NA,0,NA,0,40,0,NA,0,NA,0,NA,0,NA,0,NA,0,0,0,NA,0,NA,0,NA,0,NA,0,NA,0,NA,0,NA,0,0,0,NA,0,NA,0,NA,0,NA,0,NA,0,NA,0,NA,0,NA,0,NA,0,NA,0,NA,0,NA,0,NA,0,NA,0,NA,0,NA,0,NA,0,NA,0,NA,0,NA,0,NA,0,0,0,NA,0,NA,0,NA,0,NA,0,NA,50,0,0,0,0,0,0,0,0,7.5,0,0,0,0,0,0,0,0,17.5,0,0,0,0,0,0,0,0,0,0,0,0,0,0,0,0,0,0,0,0,0,0,0,0,0,0,0,0,0,0,0,0,0,0,0,0,0,0,0,0,0,0,20,0,0,0,0,0,0,0,0,0,0,0,0,0,0,0,0,0,0,0,0,0,0,0,0,0,0,0,0,0,0,0,0,0,0,0,0,0,0,0,0,2.5,0,0,2.5,0,0,0,0,0,2.5,0,0,0,0,0,0,0,0,0,0,0,0,0,0,0,0,0,0,0,0,0,0,0,0,0,0,0,0,0,0,0,0,0,0,2.5,0,0,0,0,0,0,0,0,0,0,0,0,0,0,0,0,0,0,0,0
08CJ102,2008/09/03 00:00:00,2008,FRIJOLES,17.8,CJ,NA,NA,NA,NA,NA,NA,NA,NA,NA,70,5,NA,0,2.5,2.5,0,0,NA,0,0,0,0,59,NA,0,17.5,41.5,0,0,NA,0,0,0,0,0,0,NA,0,NA,0,0,NA,0,0,0,0,17.5,NA,0,0,17.5,0,0,0,NA,0,0,0,0,0,NA,0,0,0,0,0,0,NA,0,0,0,0,0,NA,0,0,0,0,17.5,NA,0,17.5,0,0,29,NA,0,0,29,0,2.5,NA,0,0,2.5,0,0,NA,0,0,0,0,0,NA,0,NA,0,50,0,NA,0,NA,0,NA,0,NA,0,NA,0,0,0,NA,0,NA,0,NA,0,NA,0,NA,0,NA,0,NA,2.5,0,0,NA,2.5,NA,0,NA,0,NA,0,NA,0,NA,0,NA,0,NA,0,NA,0,NA,0,NA,0,NA,0,NA,0,NA,0,NA,0,NA,0,NA,0,NA,0,NA,0,NA,0,NA,0,0,0,NA,0,NA,0,NA,0,NA,0,NA,30,0,0,0,0,0,0,0,0,7.5,0,0,0,0,0,0,0,0,7.5,0,0,0,0,0,0,0,0,0,0,0,0,0,0,0,0,0,0,0,0,0,0,0,0,0,0,0,0,0,0,0,0,0,0,0,0,0,0,0,0,0,0,30,0,0,0,0,0,0,0,0,0,0,0,0,0,0,0,0,0,0,0,0,0,0,0,0,0,0,0,0,0,0,0,0,0,0,0,0,0,0,0,0,0,0,0,0,0,0,0,0,0,0,0,0,0,0,0,0,0,0,0,0,0,0,0,0,0,0,0,0,0,0,0,0,0,0,0,0,0,0,0,0,0,0,0,0,7.5,0,0,0,0,0,0,7.5,0,0,0,0,0,0,0,0,0,0,0,0,0
08CJ103,2008/09/03 00:00:00,2008,FRIJOLES,17.6,CJ,NA,NA,NA,NA,NA,NA,NA,NA,NA,40,42,NA,0.5,0,41.5,0,0,NA,0,0,0,0,0.001,NA,0,0,0.001,0,2.5,NA,0,0,2.5,0,0,0,NA,0,NA,0,0,NA,0,0,0,0,17.5,NA,0,0,17.5,0,0,0,NA,0,0,0,0,0,NA,0,0,0,0,0,0,NA,0,0,0,0,0,NA,0,0,0,0,0,NA,0,0,0,0,0,NA,0,0,0,0,7.5,NA,0,0,7.5,0,0,NA,0,0,0,0,0,NA,0,NA,0,2,0,NA,0,NA,0,NA,0,NA,0,NA,0,0,0,NA,0,NA,0,NA,0,NA,0,NA,0,NA,0,NA,0,0,0,NA,0,NA,0,NA,0,NA,0,NA,0,NA,0,NA,0,NA,0,NA,0,NA,2.5,NA,0,NA,0,NA,0,NA,0,NA,0,NA,0,NA,0,NA,0,NA,0,NA,0,NA,0,0,0,NA,0,NA,0,NA,0,NA,0,NA,40,0,0,0,0,0,0,0,0,17.5,0,0,0,0,0,0,0,0,2.5,0,0,0,0,0,0,0,0,0,0,0,0,0,0,0,0,0,0,0,0,0,0,0,0,0,0,0,0,0,0,0,0,0,0,0,0,0,0,0,0,0,0,40,0,0,0,0,0,0,0,0,0,0,0,0,0,0,0,0,0,0,0,0,0,0,0,0,0,0,0,0,0,0,0,0,0,0,0,7.5,0,0,0,0,2.5,0,0,0,0,0,0,0,0,2.5,0,0,0,0,0,0,0,0,0,0,0,0,0,0,0,0,0,0,0,0,0,0,0,0,0,0,0,0,0,0,0,0,0,0,2.5,0,0,0,0,0,0,2.5,0,0,0,0,0,0,0,0,0,0,0,0,0
08CJ104,2008/09/03 00:00:00,2008,FRIJOLES,16.8,CJ,NA,NA,NA,NA,NA,NA,NA,NA,NA,60,7.5,NA,0,7.5,0,0,0,NA,0,0,0,0,17.5,NA,0,17.5,0,0,17.5,NA,0,0,17.5,0,0,0,NA,0,NA,0,0,NA,0,0,0,0,41.5,NA,0,0,41.5,0,0,17.5,NA,0,0,17.5,0,2.5,NA,0,2.5,0,0,0,0,NA,0,0,0,0,0,NA,0,0,0,0,2.5,NA,0,0,2.5,0,0,NA,0,0,0,0,2.5,NA,0,0,2.5,0,0,NA,0,0,0,0,0,NA,0,NA,0,30,0,NA,0,NA,0,NA,0,NA,0,NA,0,0,0,NA,0,NA,0,NA,0,NA,0,NA,0,NA,0,NA,0,0,0,NA,0,NA,0,NA,0,NA,0,NA,0,NA,0,NA,0,NA,0,NA,0,NA,2.5,NA,0,NA,0,NA,7.5,NA,0,NA,0,NA,0,NA,0,NA,0,NA,0,NA,0,NA,0,0,0,NA,0,NA,0,NA,0,NA,0,NA,30,0,0,0,0,0,0,0,0,7.5,0,0,0,0,0,0,0,0,7.5,0,0,0,0,0,0,0,0,0,0,0,0,0,0,0,0,0,0,0,0,0,0,0,0,0,0,0,0,0,0,0,0,0,0,0,0,0,0,0,0,0,0,40,0,0,0,0,0,0,0,0,0,0,0,0,0,0,0,0,0,0,0,0,0,0,0,0,2.5,0,0,0,0,0,0,0,0,0,2.5,2.5,0,0,0,0,0,0,0,0,0,0,0,0,0,0,0,0,0,0,0,0,0,0,0,0,0,0,0,0,0,0,0,0,0,0,0,0,0,0,0,0,0,0,0,0,0,0,2.5,0,0,0,0,0,0,0,0,7.5,0,0,0,0,0,0,0,0,0,0,0,0,0
08CJ105,2008/09/03 00:00:00,2008,FRIJOLES,14.9,CJ,NA,NA,NA,NA,NA,NA,NA,NA,NA,50,10,NA,0,2.5,7.5,0,0,NA,0,0,0,0,7.5,NA,0,0,7.5,0,0,NA,0,0,0,0,0,0,NA,0,NA,0,0,NA,0,0,0,0,17.5,NA,0,0,17.5,0,0,17.5,NA,0,0,17.5,0,0,NA,0,0,0,0,0,0.5,NA,0,0.5,0,0,0,NA,0,0,0,0,0,NA,0,0,0,0,5,NA,0,2.5,2.5,0,0,NA,0,0,0,0,0,NA,0,0,0,0,0,NA,0,NA,0,20,0,NA,0,NA,0,NA,0,NA,0,NA,0,0,0,NA,0,NA,0,NA,0,NA,0,NA,0,NA,0,NA,0,0,0,NA,2.5,NA,0,NA,0,NA,0,NA,0,NA,0,NA,0,NA,0,NA,0,NA,0,NA,0,NA,0,NA,7.5,NA,0,NA,0,NA,0,NA,0,NA,0,NA,0,NA,0,NA,0,0,0,NA,0,NA,0,NA,0,NA,0,NA,10,0,0,0,0,0,0,0,0,0,0,0,0,0,0,0,0,0,2.5,0,0,0,0,0,0,0,0,0,0,0,0,0,0,0,0,0,0,0,0,0,0,0,0,0,0,0,0,0,0,0,0,0,0,0,0,0,0,0,0,0,0,10,0,0,0,0,0,0,0,0,0,0,0,0,0,0,0,0,0,0,0,0,0,0,0,0,0,0,0,0,0,0,0,0,0,0,0.5,0,0,0,0,0,0,0,0,0,0,0,0.5,0,0,0,0,0,0,0,0,0,0,0,0,0,0,0,0,0,0,0,0,0,0,0,0,0,0,0,0,0,0,0,0,0,0,0,0.5,0,0,0,0,0,0,0,0,7.5,0,0,0,0,0,0,0,0,0,0,2.5,0,0
08CJ106,2008/09/03 00:00:00,2008,FRIJOLES,14.1,CJ,NA,NA,NA,NA,NA,NA,NA,NA,NA,70,44,NA,0,41.5,2.5,0,0,NA,0,0,0,0,29,NA,0,0,29,0,17.5,NA,0,0,17.5,0,0,0,NA,0,NA,0,0,NA,0,0,0,0,0,NA,0,0,0,0,0,0,NA,0,0,0,0,0,NA,0,0,0,0,0,0,NA,0,0,0,0,0,NA,0,0,0,0,0,NA,0,0,0,0,17.5,NA,0,0,17.5,0,2.5,NA,0,0,2.5,0,0,NA,0,0,0,0,0,NA,0,NA,0,40,0,NA,0,NA,0,NA,0,NA,0,NA,0,0,0,NA,0,NA,0,NA,0,NA,0,NA,0,NA,0,NA,0,0,0,NA,0,NA,0,NA,0,NA,0,NA,0,NA,0,NA,0,NA,0,NA,0,NA,0,NA,0,NA,0,NA,0,NA,0,NA,0,NA,2.5,NA,0,NA,0,NA,0,NA,0,NA,0,0,0,NA,0,NA,0,NA,0,NA,0,NA,5,0,0,0,0,0,0,0,0,2.5,0,0,0,0,0,0,0,0,2.5,0,0,0,0,0,0,0,0,0,0,0,0,0,0,0,0,0,0,0.5,0,0,0,0,0,0,0,0,0,0,0,0,0,0,0,0,0,0,0,0,0,0,0,10,0,0,0,0,0,0,0,0,0,0,0,0,0,0,0,0,0,0,0,0,0,0,0,0,0,0,0,0,0,0,0,0,0,0,2.5,0,0,0,0,0,0,0,0,0,0,0,0,0,0,0,0,0,0,0,0,0,0,0,0,0,0,0,0,0,0,0,0,7.5,0,0,0,0,0,0,0,0,0,0,0,0,0,0,0,0,0,0,0,0,0,0,0,2.5,0,0,0,0,0,0,0,0,0,0,0,0,0
08CJ145,2008/10/30 00:00:00,2008,FRIJOLES,10.4,CJ,NA,NA,NA,NA,NA,NA,NA,NA,NA,70,41.5,NA,0,0,41.5,0,0,NA,0,0,0,0,17.5,NA,0,0,17.5,0,2.5,NA,0,0,2.5,0,0,0,NA,0,NA,0,0,NA,0,0,0,0,0,NA,0,0,0,0,0,7.5,NA,0,0,7.5,0,0,NA,0,0,0,0,0,0,NA,0,0,0,0,0,NA,0,0,0,0,0,NA,0,0,0,0,20,NA,2.5,0,17.5,0,17.5,NA,0,0,17.5,0,0,NA,0,0,0,0,0,NA,0,NA,0,5,0,NA,0,NA,0,NA,0,NA,0,NA,2.5,0,0,NA,0,NA,0,NA,0,NA,0,NA,0,NA,2.5,NA,0,0,0,NA,0,NA,0,NA,0,NA,0,NA,0,NA,0,NA,0,NA,0,NA,0,NA,0,NA,0,NA,0,NA,0,NA,0,NA,0,NA,17.5,NA,0,NA,0,NA,0,NA,0,NA,0,0,0,NA,0,NA,0,NA,0,NA,0,NA,10,0,0,0,0,0,0,0,0,0,0,0,0,0,0,0,0,0,2.5,0,0,0,0,0,0,0,0,0,0,0,0,0,0,0,0,0,0,0,0,0,0,0,0,0,0,0,0,0,0,0,0,0,0,0,0,0,0,0,0,0,0,0,0,0,0,0,0,0,0,0,0,0,0,0,0,0,0,0,0,0,0,0,0,0,0,0,0,0,0,0,0,0,0,0,0,0,0,2.5,0,0,0,0,0,0,0,0,0,0,0,0,0,0,0,0,0,0,0,0,0,0,0,0,0,0,0,0,0,0,0,0,0,0,0,0,0,0,0,0,0,0,0,0,0,0,0,0,0,0,0,0,0,0,0,0.5,0,0,0,0,0,0,0,0,0,0,0,0,0
08SS085,2008/10/28 00:00:00,2008,FRIJOLES,1.9,SS,NA,NA,NA,NA,NA,NA,NA,NA,NA,6,0,NA,0,0,0,0,0,NA,0,0,0,0,0,NA,0,0,0,0,0,NA,0,0,0,0,0,0,NA,0,NA,0,0,NA,0,0,0,0,0,NA,0,0,0,0,0,7.5,NA,0,0,7.5,0,0,NA,0,0,0,0,0,0,NA,0,0,0,0,0,NA,0,0,0,0,0,NA,0,0,0,0,0,NA,0,0,0,0,0.5,NA,0,0,0.5,0,0,NA,0,0,0,0,0,NA,0,NA,0,4,0,NA,0,NA,0,NA,0,NA,0,NA,0,0,0,NA,0,NA,0,NA,0,NA,0,NA,2.5,NA,0,NA,0,0,0,NA,0,NA,0,NA,0,NA,0,NA,0,NA,0,NA,0,NA,0,NA,0,NA,0,NA,0,NA,0,NA,0,NA,0,NA,0,NA,0,NA,0,NA,0,NA,0,NA,0,NA,0,0,0,NA,0,NA,0,NA,0,NA,0,NA,4,0,0,0,0,0.5,0.5,0,0,0,0,0,0,0,0,0.5,0,0,0,0,0,0,0,0,0,0,0,0,0,0,0,0,0,0,0,0,0,0,0,0,0,0,0,0,0,0,0,0,0,0,0,0,0,0,0,2.5,0,0,0,0,0,5,0,0,0,0,0,0,0,0,0,2.5,0.5,0,0,0,0,0,0,2.5,0,0,0,0,0,0,0,0,0,0,0,0,0,0,0,0,0,0,0,0,0,0,0,0,0,0,0,0,0,0,0,0,0,0,0,0,0,0,0,0,0,0,0,0,0,0,0,0,0,0,0,0,0,0,0,0,0,0,0,0,0,0,0,0,0,0,0,0,0,0,0,0,0,0,0,0,0,0,0,0,0,0,0,0,0,0,0
08SS086,2008/10/28 00:00:00,2008,FRIJOLES,2,SS,NA,NA,NA,NA,NA,NA,NA,NA,NA,50,0,NA,0,0,0,0,0,NA,0,0,0,0,17.5,NA,0,0,17.5,0,0,NA,0,0,0,0,0,0,NA,0,NA,0,0,NA,0,0,0,0,0,NA,0,0,0,0,0,17.5,NA,0,0,17.5,0,0,NA,0,0,0,0,0,41.5,NA,0,0,41.5,0,0,NA,0,0,0,0,0,NA,0,0,0,0,0,NA,0,0,0,0,15,NA,0,7.5,7.5,0,0,NA,0,0,0,0,0,NA,0,NA,0,60,0,NA,0,NA,0,NA,0,NA,0,NA,17.5,0,0,NA,0,NA,0,NA,0,NA,0,NA,41.5,NA,0,NA,0,0,0,NA,0,NA,0,NA,0,NA,0,NA,0,NA,0,NA,0,NA,0,NA,0,NA,0,NA,0,NA,0,NA,0,NA,0,NA,0,NA,0,NA,0,NA,0,NA,0,NA,0,NA,0,0,0,NA,0,NA,0,NA,0,NA,0,NA,10,0,0,0,0,0,0,0,0,0,0,0,0,0,0,0,0,0,0,0,0,0,0,0,0,0,0,0,0,0,0,2.5,0,0,2.5,0,0,0,0,0,0,0,0,0,0,0,0,0,0,0,0,0,0,0,0,0,2.5,0,0,0,0,5,0,0,0,0,0,0,0,0,0,0,0,0,0,0,0,0,0,0,0,0,0,0,0,0,0,0,0,0,0,0,0,0,0,0,0,0,0,0,0,0,0,0,0,0,0,0,0,0,0,0,0,0,0,0,0,0,0,0,0,0,0,0,0,0,0,0,0,0,0,0,0,0,0,0,0,0,0,0,0,0,0,0,0,0,0,0,0,0,0,0,0,2.5,0,0,0,0,0,0,0,0,0,0,0,0,0
08SS094,2008/10/30 00:00:00,2008,FRIJOLES,8.1,SS,NA,NA,NA,NA,NA,NA,NA,NA,NA,0,41.5,NA,0,0,41.5,0,0,NA,0,0,0,0,17.5,NA,0,0,17.5,0,0,NA,0,0,0,0,0,0,NA,0,NA,0,0,NA,0,0,0,0,0,NA,0,0,0,0,0,0,NA,0,0,0,0,0,NA,0,0,0,0,0,0,NA,0,0,0,0,0,NA,0,0,0,0,0,NA,0,0,0,0,2.5,NA,0,0,2.5,0,0.5,NA,0.5,0,0,0,0,NA,0,0,0,0,0,NA,0,NA,0,0,0,NA,0,NA,0,NA,0,NA,0,NA,0,0,0,NA,0,NA,0,NA,0,NA,0,NA,2.5,NA,0.5,NA,0,0,0,NA,0.5,NA,0.5,NA,0,NA,0,NA,0,NA,0,NA,0,NA,0,NA,0,NA,0.5,NA,0,NA,0,NA,0,NA,0,NA,0,NA,0,NA,0,NA,0,NA,0,NA,0,NA,0,0,0,NA,0,NA,0,NA,0,NA,0,NA,4,0,0,0,0,0,0,0,0,0,0,0,0,0,0,0,0,0,2.5,0,0,0,0,0,0,0,0,0,0,0,0,0,0,0,0,0,0,0,0,0,0,0,0,0,0,0,0,0,0,0,0,0,0,0,0,0,0,0,0,0,0,10,0,0,0,0,0,0,0,0,0,0,0,0,0,0,0,0,0,0,0,0,0,0,0,0,0,0,0,0,0,0,0,0,0,0,0,0,0,0,0,0,0,0,0,2.5,0,0,0,0,0,0,0,0,0,0,0,0,0,0,0,0,0,0,0,0,0,0,0,0,0,0,0,0,0,0,0,0,0,0,0,0,0,0,0,0,0,0,0,0,0,0,0,7.5,0,0,0,0,0,0,0,0,0,0,0,0,0
